id, parent_id, locale, category_position, category_title, category_description, category_color, category_image, category_image_thumb, category_visible, category_trusted
978,976,"en_US",0,"ABELARDO CAMARINHA","ABELARDO CAMARINHA é DEPUTADO FEDERAL do PSB pela Unidade da Federação SP",618624,"NULL","NULL",1,0
979,976,"en_US",0,"ABELARDO LUPION","ABELARDO LUPION é DEPUTADO FEDERAL do DEM pela Unidade da Federação PR",364624,"NULL","NULL",1,0
980,976,"en_US",0,"ACELINO POPÓ","ACELINO POPÓ é DEPUTADO FEDERAL do PRB pela Unidade da Federação BA",522624,"category_2494_1371590770.png","category_2494_1371590770_16x16.png",1,0
981,976,"en_US",0,"ADEMIR CAMILO","ADEMIR CAMILO é DEPUTADO FEDERAL do PSD pela Unidade da Federação MG",793624,"NULL","NULL",1,0
982,976,"en_US",0,"ADRIAN","ADRIAN é DEPUTADO FEDERAL do PMDB pela Unidade da Federação RJ",455624,"NULL","NULL",1,0
983,976,"en_US",0,"AELTON FREITAS","AELTON FREITAS é DEPUTADO FEDERAL do PR pela Unidade da Federação MG",687624,"NULL","NULL",1,0
984,976,"en_US",0,"AFONSO FLORENCE","AFONSO FLORENCE é DEPUTADO FEDERAL do PT pela Unidade da Federação BA",341624,"NULL","NULL",1,0
985,976,"en_US",0,"AFONSO HAMM","AFONSO HAMM é DEPUTADO FEDERAL do PP pela Unidade da Federação RS",937624,"NULL","NULL",1,0
986,976,"en_US",0,"ALBERTO FILHO","ALBERTO FILHO é DEPUTADO FEDERAL do PMDB pela Unidade da Federação MA",380624,"NULL","NULL",1,0
987,976,"en_US",0,"ALBERTO MOURÃO","ALBERTO MOURÃO é DEPUTADO FEDERAL do PSDB pela Unidade da Federação SP",444624,"NULL","NULL",1,0
988,976,"en_US",0,"ALCEU MOREIRA","ALCEU MOREIRA é DEPUTADO FEDERAL do PMDB pela Unidade da Federação RS",739624,"NULL","NULL",1,0
989,976,"en_US",0,"ALESSANDRO MOLON","ALESSANDRO MOLON é DEPUTADO FEDERAL do PT pela Unidade da Federação RJ",945624,"NULL","NULL",1,0
990,976,"en_US",0,"ALEX CANZIANI","ALEX CANZIANI é DEPUTADO FEDERAL do PTB pela Unidade da Federação PR",467624,"NULL","NULL",1,0
991,976,"en_US",0,"ALEXANDRE CARDOSO","ALEXANDRE CARDOSO é DEPUTADO FEDERAL do PSB pela Unidade da Federação RJ","9f5624","NULL","NULL",1,0
992,976,"en_US",0,"ALEXANDRE LEITE","ALEXANDRE LEITE é DEPUTADO FEDERAL do DEM pela Unidade da Federação SP",986624,"NULL","NULL",1,0
993,976,"en_US",0,"ALEXANDRE ROSO","ALEXANDRE ROSO é DEPUTADO FEDERAL do PSB pela Unidade da Federação RS",582624,"NULL","NULL",1,0
994,976,"en_US",0,"ALEXANDRE SANTOS","ALEXANDRE SANTOS é DEPUTADO FEDERAL do PMDB pela Unidade da Federação RJ",265624,"NULL","NULL",1,0
995,976,"en_US",0,"ALFREDO KAEFER","ALFREDO KAEFER é DEPUTADO FEDERAL do PSDB pela Unidade da Federação PR",451624,"NULL","NULL",1,0
996,976,"en_US",0,"ALFREDO SIRKIS","ALFREDO SIRKIS é DEPUTADO FEDERAL do PV pela Unidade da Federação RJ",661624,"NULL","NULL",1,0
997,976,"en_US",0,"ALICE PORTUGAL","ALICE PORTUGAL é DEPUTADO FEDERAL do PC do B pela Unidade da Federação BA",365624,"NULL","NULL",1,0
998,976,"en_US",0,"ALINE CORRÊA","ALINE CORRÊA é DEPUTADO FEDERAL do PP pela Unidade da Federação SP",648624,"NULL","NULL",1,0
999,976,"en_US",0,"ALMEIDA LIMA","ALMEIDA LIMA é DEPUTADO FEDERAL do PPS pela Unidade da Federação SE",955624,"NULL","NULL",1,0
1000,976,"en_US",0,"AMAURI TEIXEIRA","AMAURI TEIXEIRA é DEPUTADO FEDERAL do PT pela Unidade da Federação BA",573624,"NULL","NULL",1,0
1001,976,"en_US",0,"ANDERSON FERREIRA","ANDERSON FERREIRA é DEPUTADO FEDERAL do PR pela Unidade da Federação PE",849624,"NULL","NULL",1,0
1002,976,"en_US",0,"ANDRE  VARGAS","ANDRE  VARGAS é DEPUTADO FEDERAL do PT pela Unidade da Federação PR",525624,"NULL","NULL",1,0
1003,976,"en_US",0,"ANDRE MOURA","ANDRE MOURA é DEPUTADO FEDERAL do PSC pela Unidade da Federação SE",687624,"NULL","NULL",1,0
1004,976,"en_US",0,"ANDREIA  ZITO","ANDREIA  ZITO é DEPUTADO FEDERAL do PSDB pela Unidade da Federação RJ",490624,"NULL","NULL",1,0
1005,976,"en_US",0,"ANDRÉ FIGUEIREDO","ANDRÉ FIGUEIREDO é DEPUTADO FEDERAL do PDT pela Unidade da Federação CE",535624,"NULL","NULL",1,0
1006,976,"en_US",0,"ANDRÉ ZACHAROW","ANDRÉ ZACHAROW é DEPUTADO FEDERAL do PMDB pela Unidade da Federação PR",601624,"NULL","NULL",1,0
1007,976,"en_US",0,"ANGELO VANHONI","ANGELO VANHONI é DEPUTADO FEDERAL do PT pela Unidade da Federação PR",246624,"NULL","NULL",1,0
1008,976,"en_US",0,"ANTHONY GAROTINHO","ANTHONY GAROTINHO é DEPUTADO FEDERAL do PR pela Unidade da Federação RJ",467624,"NULL","NULL",1,0
1009,976,"en_US",0,"ANTONIO BALHMANN","ANTONIO BALHMANN é DEPUTADO FEDERAL do PSB pela Unidade da Federação CE",855624,"NULL","NULL",1,0
1010,976,"en_US",0,"ANTONIO BRITO","ANTONIO BRITO é DEPUTADO FEDERAL do PTB pela Unidade da Federação BA",851624,"NULL","NULL",1,0
1011,976,"en_US",0,"ANTONIO BULHÕES","ANTONIO BULHÕES é DEPUTADO FEDERAL do PRB pela Unidade da Federação SP",532624,"NULL","NULL",1,0
1012,976,"en_US",0,"ANTONIO CARLOS MAGALHÃES NETO","ANTONIO CARLOS MAGALHÃES NETO é DEPUTADO FEDERAL do DEM pela Unidade da Federação BA",751624,"NULL","NULL",1,0
1013,976,"en_US",0,"ANTONIO CARLOS MENDES THAME","ANTONIO CARLOS MENDES THAME é DEPUTADO FEDERAL do PSDB pela Unidade da Federação SP",319624,"NULL","NULL",1,0
1014,976,"en_US",0,"ANTONIO IMBASSAHY","ANTONIO IMBASSAHY é DEPUTADO FEDERAL do PSDB pela Unidade da Federação BA",970624,"NULL","NULL",1,0
1015,976,"en_US",0,"ANTÔNIA LÚCIA","ANTÔNIA LÚCIA é DEPUTADO FEDERAL do PSC pela Unidade da Federação AC",951624,"NULL","NULL",1,0
1016,976,"en_US",0,"ANTÔNIO ANDRADE","ANTÔNIO ANDRADE é DEPUTADO FEDERAL do PMDB pela Unidade da Federação MG",560624,"NULL","NULL",1,0
1017,976,"en_US",0,"ANTÔNIO ROBERTO","ANTÔNIO ROBERTO é DEPUTADO FEDERAL do PV pela Unidade da Federação MG",677624,"NULL","NULL",1,0
1018,976,"en_US",0,"ANÍBAL GOMES","ANÍBAL GOMES é DEPUTADO FEDERAL do PMDB pela Unidade da Federação CE",475624,"NULL","NULL",1,0
1019,976,"en_US",0,"ARACELY DE PAULA","ARACELY DE PAULA é DEPUTADO FEDERAL do PR pela Unidade da Federação MG",370624,"NULL","NULL",1,0
1020,976,"en_US",0,"ARIOSTO HOLANDA","ARIOSTO HOLANDA é DEPUTADO FEDERAL do PSB pela Unidade da Federação CE",497624,"NULL","NULL",1,0
1021,976,"en_US",0,"ARLINDO CHINAGLIA","ARLINDO CHINAGLIA é DEPUTADO FEDERAL do PT pela Unidade da Federação SP",839624,"NULL","NULL",1,0
1022,976,"en_US",0,"ARMANDO VERGÍLIO","ARMANDO VERGÍLIO é DEPUTADO FEDERAL do PSD pela Unidade da Federação GO",743624,"NULL","NULL",1,0
1023,976,"en_US",0,"ARNALDO FARIA DE SÁ","ARNALDO FARIA DE SÁ é DEPUTADO FEDERAL do PTB pela Unidade da Federação SP","9f5624","NULL","NULL",1,0
1024,976,"en_US",0,"ARNALDO JARDIM","ARNALDO JARDIM é DEPUTADO FEDERAL do PPS pela Unidade da Federação SP",215624,"NULL","NULL",1,0
1025,976,"en_US",0,"ARNALDO JORDY","ARNALDO JORDY é DEPUTADO FEDERAL do PPS pela Unidade da Federação PA",405624,"NULL","NULL",1,0
1026,976,"en_US",0,"ARNON BEZERRA","ARNON BEZERRA é DEPUTADO FEDERAL do PTB pela Unidade da Federação CE",815624,"NULL","NULL",1,0
1027,976,"en_US",0,"AROLDE DE OLIVEIRA","AROLDE DE OLIVEIRA é DEPUTADO FEDERAL do PSD pela Unidade da Federação RJ",615624,"NULL","NULL",1,0
1028,976,"en_US",0,"ARTHUR LIRA","ARTHUR LIRA é DEPUTADO FEDERAL do PP pela Unidade da Federação AL",185624,"NULL","NULL",1,0
1029,976,"en_US",0,"ARTHUR OLIVEIRA MAIA","ARTHUR OLIVEIRA MAIA é DEPUTADO FEDERAL do PMDB pela Unidade da Federação BA",280624,"NULL","NULL",1,0
1030,976,"en_US",0,"ARTUR BRUNO","ARTUR BRUNO é DEPUTADO FEDERAL do PT pela Unidade da Federação CE",176624,"NULL","NULL",1,0
1031,976,"en_US",0,"ASDRUBAL BENTES","ASDRUBAL BENTES é DEPUTADO FEDERAL do PMDB pela Unidade da Federação PA",170624,"NULL","NULL",1,0
1032,976,"en_US",0,"ASSIS CARVALHO","ASSIS CARVALHO é DEPUTADO FEDERAL do PT pela Unidade da Federação PI",789624,"NULL","NULL",1,0
1033,976,"en_US",0,"ASSIS DO COUTO","ASSIS DO COUTO é DEPUTADO FEDERAL do PT pela Unidade da Federação PR",885624,"NULL","NULL",1,0
1034,976,"en_US",0,"ASSIS MELO","ASSIS MELO é DEPUTADO FEDERAL do PC do B pela Unidade da Federação RS",192624,"NULL","NULL",1,0
1035,976,"en_US",0,"AUDIFAX","AUDIFAX é DEPUTADO FEDERAL do PSB pela Unidade da Federação ES",219624,"NULL","NULL",1,0
1036,976,"en_US",0,"AUGUSTO COUTINHO","AUGUSTO COUTINHO é DEPUTADO FEDERAL do DEM pela Unidade da Federação PE",221624,"NULL","NULL",1,0
1037,976,"en_US",0,"AUREO","AUREO é DEPUTADO FEDERAL do PRTB pela Unidade da Federação RJ",606624,"NULL","NULL",1,0
1038,976,"en_US",0,"BENEDITA DA SILVA","BENEDITA DA SILVA é DEPUTADO FEDERAL do PT pela Unidade da Federação RJ",299624,"NULL","NULL",1,0
1039,976,"en_US",0,"BENJAMIN MARANHÃO","BENJAMIN MARANHÃO é DEPUTADO FEDERAL do PMDB pela Unidade da Federação PB",163624,"NULL","NULL",1,0
1040,976,"en_US",0,"BERINHO BANTIM","BERINHO BANTIM é DEPUTADO FEDERAL do PEN pela Unidade da Federação RR",495624,"NULL","NULL",1,0
1041,976,"en_US",0,"BERNARDO SANTANA DE VASCONCELLOS","BERNARDO SANTANA DE VASCONCELLOS é DEPUTADO FEDERAL do PR pela Unidade da Federação MG",879624,"NULL","NULL",1,0
1042,976,"en_US",0,"BETINHO ROSADO","BETINHO ROSADO é DEPUTADO FEDERAL do DEM pela Unidade da Federação RN",693624,"NULL","NULL",1,0
1043,976,"en_US",0,"BETO ALBUQUERQUE","BETO ALBUQUERQUE é DEPUTADO FEDERAL do PSB pela Unidade da Federação RS",766624,"NULL","NULL",1,0
1044,976,"en_US",0,"BETO FARO","BETO FARO é DEPUTADO FEDERAL do PT pela Unidade da Federação PA",457624,"NULL","NULL",1,0
1045,976,"en_US",0,"BETO MANSUR","BETO MANSUR é DEPUTADO FEDERAL do PP pela Unidade da Federação SP",713624,"NULL","NULL",1,0
1046,976,"en_US",0,"BIFFI","BIFFI é DEPUTADO FEDERAL do PT pela Unidade da Federação MS",561624,"NULL","NULL",1,0
1047,976,"en_US",0,"BOHN GASS","BOHN GASS é DEPUTADO FEDERAL do PT pela Unidade da Federação RS",214624,"NULL","NULL",1,0
1048,976,"en_US",0,"BONIFÁCIO DE ANDRADA","BONIFÁCIO DE ANDRADA é DEPUTADO FEDERAL do PSDB pela Unidade da Federação MG",659624,"NULL","NULL",1,0
1049,976,"en_US",0,"BRUNA FURLAN","BRUNA FURLAN é DEPUTADO FEDERAL do PSDB pela Unidade da Federação SP",357624,"NULL","NULL",1,0
1050,976,"en_US",0,"BRUNO ARAÚJO","BRUNO ARAÚJO é DEPUTADO FEDERAL do PSDB pela Unidade da Federação PE",421624,"NULL","NULL",1,0
1051,976,"en_US",0,"CARLAILE PEDROSA","CARLAILE PEDROSA é DEPUTADO FEDERAL do PSDB pela Unidade da Federação MG",505624,"NULL","NULL",1,0
1052,976,"en_US",0,"CARLINHOS ALMEIDA","CARLINHOS ALMEIDA é DEPUTADO FEDERAL do PT pela Unidade da Federação SP",154624,"NULL","NULL",1,0
1053,976,"en_US",0,"CARLOS ALBERTO LERÉIA","CARLOS ALBERTO LERÉIA é DEPUTADO FEDERAL do PSDB pela Unidade da Federação GO",570624,"NULL","NULL",1,0
1054,976,"en_US",0,"CARLOS BEZERRA","CARLOS BEZERRA é DEPUTADO FEDERAL do PMDB pela Unidade da Federação MT",458624,"NULL","NULL",1,0
1055,976,"en_US",0,"CARLOS BRANDÃO","CARLOS BRANDÃO é DEPUTADO FEDERAL do PSDB pela Unidade da Federação MA",427624,"NULL","NULL",1,0
1056,976,"en_US",0,"CARLOS EDUARDO CADOCA","CARLOS EDUARDO CADOCA é DEPUTADO FEDERAL do PSC pela Unidade da Federação PE",358624,"NULL","NULL",1,0
1057,976,"en_US",0,"CARLOS MAGNO","CARLOS MAGNO é DEPUTADO FEDERAL do PP pela Unidade da Federação RO",350624,"NULL","NULL",1,0
1058,976,"en_US",0,"CARLOS SAMPAIO","CARLOS SAMPAIO é DEPUTADO FEDERAL do PSDB pela Unidade da Federação SP",304624,"NULL","NULL",1,0
1059,976,"en_US",0,"CARLOS SOUZA","CARLOS SOUZA é DEPUTADO FEDERAL do PSD pela Unidade da Federação AM",710624,"NULL","NULL",1,0
1060,976,"en_US",0,"CARLOS ZARATTINI","CARLOS ZARATTINI é DEPUTADO FEDERAL do PT pela Unidade da Federação SP",172624,"NULL","NULL",1,0
1061,976,"en_US",0,"CELIA ROCHA","CELIA ROCHA é DEPUTADO FEDERAL do PTB pela Unidade da Federação AL",691624,"NULL","NULL",1,0
1062,976,"en_US",0,"CELSO MALDANER","CELSO MALDANER é DEPUTADO FEDERAL do PMDB pela Unidade da Federação SC",217624,"NULL","NULL",1,0
1063,976,"en_US",0,"CESAR COLNAGO","CESAR COLNAGO é DEPUTADO FEDERAL do PSDB pela Unidade da Federação ES",632624,"NULL","NULL",1,0
1064,976,"en_US",0,"CHICO LOPES","CHICO LOPES é DEPUTADO FEDERAL do PC do B pela Unidade da Federação CE",713624,"NULL","NULL",1,0
1065,976,"en_US",0,"CIDA BORGHETTI","CIDA BORGHETTI é DEPUTADO FEDERAL do PP pela Unidade da Federação PR",284624,"NULL","NULL",1,0
1066,976,"en_US",0,"CLAUDIO CAJADO","CLAUDIO CAJADO é DEPUTADO FEDERAL do DEM pela Unidade da Federação BA",757624,"NULL","NULL",1,0
1067,976,"en_US",0,"CLEBER VERDE","CLEBER VERDE é DEPUTADO FEDERAL do PRB pela Unidade da Federação MA",953624,"NULL","NULL",1,0
1068,976,"en_US",0,"CLÁUDIO PUTY","CLÁUDIO PUTY é DEPUTADO FEDERAL do PT pela Unidade da Federação PA",437624,"NULL","NULL",1,0
1069,976,"en_US",0,"COSTA FERREIRA","COSTA FERREIRA é DEPUTADO FEDERAL do PSC pela Unidade da Federação MA",992624,"NULL","NULL",1,0
1070,976,"en_US",0,"CÂNDIDO VACCAREZZA","CÂNDIDO VACCAREZZA é DEPUTADO FEDERAL do PT pela Unidade da Federação SP",883624,"NULL","NULL",1,0
1071,976,"en_US",0,"CÉSAR HALUM","CÉSAR HALUM é DEPUTADO FEDERAL do PSD pela Unidade da Federação TO",572624,"NULL","NULL",1,0
1072,976,"en_US",0,"DALVA FIGUEIREDO","DALVA FIGUEIREDO é DEPUTADO FEDERAL do PT pela Unidade da Federação AP",871624,"NULL","NULL",1,0
1073,976,"en_US",0,"DAMIÃO FELICIANO","DAMIÃO FELICIANO é DEPUTADO FEDERAL do PDT pela Unidade da Federação PB",253624,"NULL","NULL",1,0
1074,976,"en_US",0,"DANIEL ALMEIDA","DANIEL ALMEIDA é DEPUTADO FEDERAL do PC do B pela Unidade da Federação BA",844624,"NULL","NULL",1,0
1075,976,"en_US",0,"DANILO FORTE","DANILO FORTE é DEPUTADO FEDERAL do PMDB pela Unidade da Federação CE",679624,"NULL","NULL",1,0
1076,976,"en_US",0,"DANRLEI DE DEUS HINTERHOLZ","DANRLEI DE DEUS HINTERHOLZ é DEPUTADO FEDERAL do PSD pela Unidade da Federação RS",906624,"NULL","NULL",1,0
1077,976,"en_US",0,"DARCÍSIO PERONDI","DARCÍSIO PERONDI é DEPUTADO FEDERAL do PMDB pela Unidade da Federação RS",320624,"NULL","NULL",1,0
1078,976,"en_US",0,"DAVI ALCOLUMBRE","DAVI ALCOLUMBRE é DEPUTADO FEDERAL do DEM pela Unidade da Federação AP",370624,"NULL","NULL",1,0
1079,976,"en_US",0,"DAVI ALVES SILVA JÚNIOR","DAVI ALVES SILVA JÚNIOR é DEPUTADO FEDERAL do PR pela Unidade da Federação MA",541624,"NULL","NULL",1,0
1080,976,"en_US",0,"DELEGADO PROTÓGENES","DELEGADO PROTÓGENES é DEPUTADO FEDERAL do PC do B pela Unidade da Federação SP",366624,"NULL","NULL",1,0
1081,976,"en_US",0,"DEVANIR RIBEIRO","DEVANIR RIBEIRO é DEPUTADO FEDERAL do PT pela Unidade da Federação SP",389624,"NULL","NULL",1,0
1082,976,"en_US",0,"DIEGO ANDRADE","DIEGO ANDRADE é DEPUTADO FEDERAL do PSD pela Unidade da Federação MG",436624,"NULL","NULL",1,0
1083,976,"en_US",0,"DILCEU SPERAFICO","DILCEU SPERAFICO é DEPUTADO FEDERAL do PP pela Unidade da Federação PR",239624,"NULL","NULL",1,0
1084,976,"en_US",0,"DIMAS FABIANO","DIMAS FABIANO é DEPUTADO FEDERAL do PP pela Unidade da Federação MG",603624,"NULL","NULL",1,0
1085,976,"en_US",0,"DOMINGOS DUTRA","DOMINGOS DUTRA é DEPUTADO FEDERAL do PT pela Unidade da Federação MA",205624,"NULL","NULL",1,0
1086,976,"en_US",0,"DOMINGOS NETO","DOMINGOS NETO é DEPUTADO FEDERAL do PSB pela Unidade da Federação CE",328624,"NULL","NULL",1,0
1087,976,"en_US",0,"DOMINGOS SÁVIO","DOMINGOS SÁVIO é DEPUTADO FEDERAL do PSDB pela Unidade da Federação MG",824624,"NULL","NULL",1,0
1088,976,"en_US",0,"DR. ADILSON SOARES","DR. ADILSON SOARES é DEPUTADO FEDERAL do PR pela Unidade da Federação RJ",991624,"NULL","NULL",1,0
1089,976,"en_US",0,"DR. ALUIZIO","DR. ALUIZIO é DEPUTADO FEDERAL do PV pela Unidade da Federação RJ",710624,"NULL","NULL",1,0
1090,976,"en_US",0,"DR. GRILO","DR. GRILO é DEPUTADO FEDERAL do PSL pela Unidade da Federação MG",801624,"NULL","NULL",1,0
1091,976,"en_US",0,"DR. JORGE SILVA","DR. JORGE SILVA é DEPUTADO FEDERAL do PDT pela Unidade da Federação ES",402624,"NULL","NULL",1,0
1092,976,"en_US",0,"DR. PAULO CÉSAR","DR. PAULO CÉSAR é DEPUTADO FEDERAL do PSD pela Unidade da Federação RJ",446624,"NULL","NULL",1,0
1093,976,"en_US",0,"DR. ROSINHA","DR. ROSINHA é DEPUTADO FEDERAL do PT pela Unidade da Federação PR",654624,"NULL","NULL",1,0
1094,976,"en_US",0,"DUARTE NOGUEIRA","DUARTE NOGUEIRA é DEPUTADO FEDERAL do PSDB pela Unidade da Federação SP",895624,"NULL","NULL",1,0
1095,976,"en_US",0,"DUDIMAR PAXIUBA","DUDIMAR PAXIUBA é DEPUTADO FEDERAL do PSDB pela Unidade da Federação PA",575624,"NULL","NULL",1,0
1096,976,"en_US",0,"DÉCIO LIMA","DÉCIO LIMA é DEPUTADO FEDERAL do PT pela Unidade da Federação SC",613624,"NULL","NULL",1,0
1097,976,"en_US",0,"EDINHO ARAÚJO","EDINHO ARAÚJO é DEPUTADO FEDERAL do PMDB pela Unidade da Federação SP",862624,"NULL","NULL",1,0
1098,976,"en_US",0,"EDINHO BEZ","EDINHO BEZ é DEPUTADO FEDERAL do PMDB pela Unidade da Federação SC",354624,"NULL","NULL",1,0
1099,976,"en_US",0,"EDIO LOPES","EDIO LOPES é DEPUTADO FEDERAL do PMDB pela Unidade da Federação RR",556624,"NULL","NULL",1,0
1100,976,"en_US",0,"EDIVALDO HOLANDA JUNIOR","EDIVALDO HOLANDA JUNIOR é DEPUTADO FEDERAL do PTC pela Unidade da Federação MA",925624,"NULL","NULL",1,0
1101,976,"en_US",0,"EDMAR ARRUDA","EDMAR ARRUDA é DEPUTADO FEDERAL do PSC pela Unidade da Federação PR",215624,"NULL","NULL",1,0
1102,976,"en_US",0,"EDSON EZEQUIEL","EDSON EZEQUIEL é DEPUTADO FEDERAL do PMDB pela Unidade da Federação RJ",674624,"NULL","NULL",1,0
1103,976,"en_US",0,"EDSON PIMENTA","EDSON PIMENTA é DEPUTADO FEDERAL do PSD pela Unidade da Federação BA",973624,"NULL","NULL",1,0
1104,976,"en_US",0,"EDSON SANTOS","EDSON SANTOS é DEPUTADO FEDERAL do PT pela Unidade da Federação RJ",517624,"NULL","NULL",1,0
1105,976,"en_US",0,"EDSON SILVA","EDSON SILVA é DEPUTADO FEDERAL do PSB pela Unidade da Federação CE",441624,"NULL","NULL",1,0
1106,976,"en_US",0,"EDUARDO AZEREDO","EDUARDO AZEREDO é DEPUTADO FEDERAL do PSDB pela Unidade da Federação MG",504624,"NULL","NULL",1,0
1107,976,"en_US",0,"EDUARDO BARBOSA","EDUARDO BARBOSA é DEPUTADO FEDERAL do PSDB pela Unidade da Federação MG",104624,"NULL","NULL",1,0
1108,976,"en_US",0,"EDUARDO CUNHA","EDUARDO CUNHA é DEPUTADO FEDERAL do PMDB pela Unidade da Federação RJ",876624,"NULL","NULL",1,0
1109,976,"en_US",0,"EDUARDO DA FONTE","EDUARDO DA FONTE é DEPUTADO FEDERAL do PP pela Unidade da Federação PE",246624,"NULL","NULL",1,0
1110,976,"en_US",0,"EDUARDO GOMES","EDUARDO GOMES é DEPUTADO FEDERAL do PSDB pela Unidade da Federação TO",508624,"NULL","NULL",1,0
1111,976,"en_US",0,"EDUARDO SCIARRA","EDUARDO SCIARRA é DEPUTADO FEDERAL do PSD pela Unidade da Federação PR",785624,"NULL","NULL",1,0
1112,976,"en_US",0,"EFRAIM FILHO","EFRAIM FILHO é DEPUTADO FEDERAL do DEM pela Unidade da Federação PB",237624,"NULL","NULL",1,0
1113,976,"en_US",0,"ELCIONE BARBALHO","ELCIONE BARBALHO é DEPUTADO FEDERAL do PMDB pela Unidade da Federação PA",802624,"NULL","NULL",1,0
1114,976,"en_US",0,"ELEUSES PAIVA","ELEUSES PAIVA é DEPUTADO FEDERAL do PSD pela Unidade da Federação SP",818624,"NULL","NULL",1,0
1115,976,"en_US",0,"ELI CORREA FILHO","ELI CORREA FILHO é DEPUTADO FEDERAL do DEM pela Unidade da Federação SP",780624,"NULL","NULL",1,0
1116,976,"en_US",0,"ELIENE LIMA","ELIENE LIMA é DEPUTADO FEDERAL do PSD pela Unidade da Federação MT",878624,"NULL","NULL",1,0
1117,976,"en_US",0,"ELISEU PADILHA","ELISEU PADILHA é DEPUTADO FEDERAL do PMDB pela Unidade da Federação RS",495624,"NULL","NULL",1,0
1118,976,"en_US",0,"EMANUEL FERNANDES","EMANUEL FERNANDES é DEPUTADO FEDERAL do PSDB pela Unidade da Federação SP",896624,"NULL","NULL",1,0
1119,976,"en_US",0,"ENIO BACCI","ENIO BACCI é DEPUTADO FEDERAL do PDT pela Unidade da Federação RS",694624,"NULL","NULL",1,0
1120,976,"en_US",0,"ERIKA KOKAY","ERIKA KOKAY é DEPUTADO FEDERAL do PT pela Unidade da Federação DF",968624,"NULL","NULL",1,0
1121,976,"en_US",0,"ERIVELTON SANTANA","ERIVELTON SANTANA é DEPUTADO FEDERAL do PSC pela Unidade da Federação BA",565624,"NULL","NULL",1,0
1122,976,"en_US",0,"ESPERIDIÃO AMIN","ESPERIDIÃO AMIN é DEPUTADO FEDERAL do PP pela Unidade da Federação SC",960624,"NULL","NULL",1,0
1123,976,"en_US",0,"EUDES XAVIER","EUDES XAVIER é DEPUTADO FEDERAL do PT pela Unidade da Federação CE",892624,"NULL","NULL",1,0
1124,976,"en_US",0,"EVANDRO MILHOMEN","EVANDRO MILHOMEN é DEPUTADO FEDERAL do PC do B pela Unidade da Federação AP",435624,"NULL","NULL",1,0
1125,976,"en_US",0,"FABIO TRAD","FABIO TRAD é DEPUTADO FEDERAL do PMDB pela Unidade da Federação MS",837624,"NULL","NULL",1,0
1126,976,"en_US",0,"FELIPE BORNIER","FELIPE BORNIER é DEPUTADO FEDERAL do PSD pela Unidade da Federação RJ",129624,"NULL","NULL",1,0
1127,976,"en_US",0,"FELIPE MAIA","FELIPE MAIA é DEPUTADO FEDERAL do DEM pela Unidade da Federação RN","0f5624","NULL","NULL",1,0
1128,976,"en_US",0,"FERNANDO COELHO FILHO","FERNANDO COELHO FILHO é DEPUTADO FEDERAL do PSB pela Unidade da Federação PE",989624,"NULL","NULL",1,0
1129,976,"en_US",0,"FERNANDO FERRO","FERNANDO FERRO é DEPUTADO FEDERAL do PT pela Unidade da Federação PE",205624,"NULL","NULL",1,0
1130,976,"en_US",0,"FERNANDO FRANCISCHINI","FERNANDO FRANCISCHINI é DEPUTADO FEDERAL do PEN pela Unidade da Federação PR",985624,"NULL","NULL",1,0
1131,976,"en_US",0,"FERNANDO JORDÃO","FERNANDO JORDÃO é DEPUTADO FEDERAL do PMDB pela Unidade da Federação RJ",705624,"NULL","NULL",1,0
1132,976,"en_US",0,"FERNANDO MARRONI","FERNANDO MARRONI é DEPUTADO FEDERAL do PT pela Unidade da Federação RS",217624,"NULL","NULL",1,0
1133,976,"en_US",0,"FERNANDO TORRES","FERNANDO TORRES é DEPUTADO FEDERAL do PSD pela Unidade da Federação BA",403624,"NULL","NULL",1,0
1134,976,"en_US",0,"FILIPE PEREIRA","FILIPE PEREIRA é DEPUTADO FEDERAL do PSC pela Unidade da Federação RJ",459624,"NULL","NULL",1,0
1135,976,"en_US",0,"FLAVIANO MELO","FLAVIANO MELO é DEPUTADO FEDERAL do PMDB pela Unidade da Federação AC",569624,"NULL","NULL",1,0
1136,976,"en_US",0,"FLÁVIA MORAIS","FLÁVIA MORAIS é DEPUTADO FEDERAL do PDT pela Unidade da Federação GO",711624,"NULL","NULL",1,0
1137,976,"en_US",0,"FRANCISCO ARAÚJO","FRANCISCO ARAÚJO é DEPUTADO FEDERAL do PSD pela Unidade da Federação RR",425624,"NULL","NULL",1,0
1138,976,"en_US",0,"FRANCISCO ESCÓRCIO","FRANCISCO ESCÓRCIO é DEPUTADO FEDERAL do PMDB pela Unidade da Federação MA",748624,"NULL","NULL",1,0
1139,976,"en_US",0,"FRANCISCO FLORIANO","FRANCISCO FLORIANO é DEPUTADO FEDERAL do PR pela Unidade da Federação RJ",475624,"NULL","NULL",1,0
1140,976,"en_US",0,"FRANCISCO PRACIANO","FRANCISCO PRACIANO é DEPUTADO FEDERAL do PT pela Unidade da Federação AM",867624,"NULL","NULL",1,0
1141,976,"en_US",0,"FÁBIO FARIA","FÁBIO FARIA é DEPUTADO FEDERAL do PSD pela Unidade da Federação RN",706624,"NULL","NULL",1,0
1142,976,"en_US",0,"FÁBIO RAMALHO","FÁBIO RAMALHO é DEPUTADO FEDERAL do PV pela Unidade da Federação MG",926624,"NULL","NULL",1,0
1143,976,"en_US",0,"FÁBIO SOUTO","FÁBIO SOUTO é DEPUTADO FEDERAL do DEM pela Unidade da Federação BA",137624,"NULL","NULL",1,0
1144,976,"en_US",0,"FÁTIMA BEZERRA","FÁTIMA BEZERRA é DEPUTADO FEDERAL do PT pela Unidade da Federação RN",275624,"NULL","NULL",1,0
1145,976,"en_US",0,"FÁTIMA PELAES","FÁTIMA PELAES é DEPUTADO FEDERAL do PMDB pela Unidade da Federação AP",238624,"NULL","NULL",1,0
1146,976,"en_US",0,"FÉLIX MENDONÇA JÚNIOR","FÉLIX MENDONÇA JÚNIOR é DEPUTADO FEDERAL do PDT pela Unidade da Federação BA",273624,"NULL","NULL",1,0
1147,976,"en_US",0,"GABRIEL CHALITA","GABRIEL CHALITA é DEPUTADO FEDERAL do PMDB pela Unidade da Federação SP",861624,"NULL","NULL",1,0
1148,976,"en_US",0,"GABRIEL GUIMARÃES","GABRIEL GUIMARÃES é DEPUTADO FEDERAL do PT pela Unidade da Federação MG",165624,"NULL","NULL",1,0
1149,976,"en_US",0,"GENECIAS NORONHA","GENECIAS NORONHA é DEPUTADO FEDERAL do PMDB pela Unidade da Federação CE",295624,"NULL","NULL",1,0
1150,976,"en_US",0,"GEORGE HILTON","GEORGE HILTON é DEPUTADO FEDERAL do PRB pela Unidade da Federação MG",626624,"NULL","NULL",1,0
1151,976,"en_US",0,"GERALDO RESENDE","GERALDO RESENDE é DEPUTADO FEDERAL do PMDB pela Unidade da Federação MS",322624,"NULL","NULL",1,0
1152,976,"en_US",0,"GERALDO SIMÕES","GERALDO SIMÕES é DEPUTADO FEDERAL do PT pela Unidade da Federação BA",815624,"NULL","NULL",1,0
1153,976,"en_US",0,"GERALDO THADEU","GERALDO THADEU é DEPUTADO FEDERAL do PSD pela Unidade da Federação MG",919624,"NULL","NULL",1,0
1154,976,"en_US",0,"GIACOBO","GIACOBO é DEPUTADO FEDERAL do PR pela Unidade da Federação PR",455624,"NULL","NULL",1,0
1155,976,"en_US",0,"GILMAR MACHADO","GILMAR MACHADO é DEPUTADO FEDERAL do PT pela Unidade da Federação MG",706624,"NULL","NULL",1,0
1156,976,"en_US",0,"GIOVANI CHERINI","GIOVANI CHERINI é DEPUTADO FEDERAL do PDT pela Unidade da Federação RS",395624,"NULL","NULL",1,0
1157,976,"en_US",0,"GIOVANNI QUEIROZ","GIOVANNI QUEIROZ é DEPUTADO FEDERAL do PDT pela Unidade da Federação PA",151624,"NULL","NULL",1,0
1158,976,"en_US",0,"GIROTO","GIROTO é DEPUTADO FEDERAL do PMDB pela Unidade da Federação MS",537624,"NULL","NULL",1,0
1159,976,"en_US",0,"GIVALDO CARIMBÃO","GIVALDO CARIMBÃO é DEPUTADO FEDERAL do PSB pela Unidade da Federação AL",981624,"NULL","NULL",1,0
1160,976,"en_US",0,"GLADSON CAMELI","GLADSON CAMELI é DEPUTADO FEDERAL do PP pela Unidade da Federação AC",812624,"NULL","NULL",1,0
1161,976,"en_US",0,"GLAUBER BRAGA","GLAUBER BRAGA é DEPUTADO FEDERAL do PSB pela Unidade da Federação RJ",273624,"NULL","NULL",1,0
1162,976,"en_US",0,"GONZAGA PATRIOTA","GONZAGA PATRIOTA é DEPUTADO FEDERAL do PSB pela Unidade da Federação PE",895624,"NULL","NULL",1,0
1163,976,"en_US",0,"GORETE PEREIRA","GORETE PEREIRA é DEPUTADO FEDERAL do PR pela Unidade da Federação CE",421624,"NULL","NULL",1,0
1164,976,"en_US",0,"GUILHERME CAMPOS","GUILHERME CAMPOS é DEPUTADO FEDERAL do PSD pela Unidade da Federação SP",222624,"NULL","NULL",1,0
1165,976,"en_US",0,"GUILHERME MUSSI","GUILHERME MUSSI é DEPUTADO FEDERAL do PSD pela Unidade da Federação SP",365624,"NULL","NULL",1,0
1166,976,"en_US",0,"HELENO SILVA","HELENO SILVA é DEPUTADO FEDERAL do PRB pela Unidade da Federação SE",214624,"NULL","NULL",1,0
1167,976,"en_US",0,"HENRIQUE AFONSO","HENRIQUE AFONSO é DEPUTADO FEDERAL do PV pela Unidade da Federação AC",753624,"NULL","NULL",1,0
1168,976,"en_US",0,"HENRIQUE EDUARDO ALVES","HENRIQUE EDUARDO ALVES é DEPUTADO FEDERAL do PMDB pela Unidade da Federação RN",150624,"NULL","NULL",1,0
1169,976,"en_US",0,"HENRIQUE FONTANA","HENRIQUE FONTANA é DEPUTADO FEDERAL do PT pela Unidade da Federação RS",868624,"NULL","NULL",1,0
1170,976,"en_US",0,"HENRIQUE OLIVEIRA","HENRIQUE OLIVEIRA é DEPUTADO FEDERAL do PR pela Unidade da Federação AM",165624,"NULL","NULL",1,0
1171,976,"en_US",0,"HERMES PARCIANELLO","HERMES PARCIANELLO é DEPUTADO FEDERAL do PMDB pela Unidade da Federação PR",470624,"NULL","NULL",1,0
1172,976,"en_US",0,"HEULER CRUVINEL","HEULER CRUVINEL é DEPUTADO FEDERAL do PSD pela Unidade da Federação GO",556624,"NULL","NULL",1,0
1173,976,"en_US",0,"HOMERO PEREIRA","HOMERO PEREIRA é DEPUTADO FEDERAL do PSD pela Unidade da Federação MT",615624,"NULL","NULL",1,0
1174,976,"en_US",0,"HUGO LEAL","HUGO LEAL é DEPUTADO FEDERAL do PSC pela Unidade da Federação RJ",955624,"NULL","NULL",1,0
1175,976,"en_US",0,"HUGO MOTTA","HUGO MOTTA é DEPUTADO FEDERAL do PMDB pela Unidade da Federação PB",911624,"NULL","NULL",1,0
1176,976,"en_US",0,"HUGO NAPOLEÃO","HUGO NAPOLEÃO é DEPUTADO FEDERAL do PSD pela Unidade da Federação PI",791624,"NULL","NULL",1,0
1177,976,"en_US",0,"HÉLIO SANTOS","HÉLIO SANTOS é DEPUTADO FEDERAL do PSD pela Unidade da Federação MA",196624,"NULL","NULL",1,0
1178,976,"en_US",0,"INOCÊNCIO OLIVEIRA","INOCÊNCIO OLIVEIRA é DEPUTADO FEDERAL do PR pela Unidade da Federação PE",930624,"NULL","NULL",1,0
1179,976,"en_US",0,"IRACEMA PORTELLA","IRACEMA PORTELLA é DEPUTADO FEDERAL do PP pela Unidade da Federação PI",683624,"NULL","NULL",1,0
1180,976,"en_US",0,"IRAJÁ ABREU","IRAJÁ ABREU é DEPUTADO FEDERAL do PSD pela Unidade da Federação TO",765624,"NULL","NULL",1,0
1181,976,"en_US",0,"IRINY LOPES","IRINY LOPES é DEPUTADO FEDERAL do PT pela Unidade da Federação ES",923624,"NULL","NULL",1,0
1182,976,"en_US",0,"ISAÍAS SILVESTRE","ISAÍAS SILVESTRE é DEPUTADO FEDERAL do PSB pela Unidade da Federação MG",251624,"NULL","NULL",1,0
1183,976,"en_US",0,"IVAN VALENTE","IVAN VALENTE é DEPUTADO FEDERAL do PSOL pela Unidade da Federação SP",888624,"NULL","NULL",1,0
1184,976,"en_US",0,"IZALCI","IZALCI é DEPUTADO FEDERAL do PSDB pela Unidade da Federação DF",219624,"NULL","NULL",1,0
1185,976,"en_US",0,"JAIME MARTINS","JAIME MARTINS é DEPUTADO FEDERAL do PR pela Unidade da Federação MG",891624,"NULL","NULL",1,0
1186,976,"en_US",0,"JAIR BOLSONARO","JAIR BOLSONARO é DEPUTADO FEDERAL do PP pela Unidade da Federação RJ",503624,"NULL","NULL",1,0
1187,976,"en_US",0,"JAIRO ATAÍDE","JAIRO ATAÍDE é DEPUTADO FEDERAL do DEM pela Unidade da Federação MG",395624,"NULL","NULL",1,0
1188,976,"en_US",0,"JANDIRA FEGHALI","JANDIRA FEGHALI é DEPUTADO FEDERAL do PC do B pela Unidade da Federação RJ",641624,"NULL","NULL",1,0
1189,976,"en_US",0,"JANETE CAPIBERIBE","JANETE CAPIBERIBE é DEPUTADO FEDERAL do PSB pela Unidade da Federação AP",969624,"NULL","NULL",1,0
1190,976,"en_US",0,"JANETE ROCHA PIETÁ","JANETE ROCHA PIETÁ é DEPUTADO FEDERAL do PT pela Unidade da Federação SP",607624,"NULL","NULL",1,0
1191,976,"en_US",0,"JAQUELINE RORIZ","JAQUELINE RORIZ é DEPUTADO FEDERAL do PMN pela Unidade da Federação DF",885624,"NULL","NULL",1,0
1192,976,"en_US",0,"JEAN WYLLYS","JEAN WYLLYS é DEPUTADO FEDERAL do PSOL pela Unidade da Federação RJ",135624,"NULL","NULL",1,0
1193,976,"en_US",0,"JEFFERSON CAMPOS","JEFFERSON CAMPOS é DEPUTADO FEDERAL do PSD pela Unidade da Federação SP",481624,"NULL","NULL",1,0
1194,976,"en_US",0,"JERÔNIMO GOERGEN","JERÔNIMO GOERGEN é DEPUTADO FEDERAL do PP pela Unidade da Federação RS",521624,"NULL","NULL",1,0
1195,976,"en_US",0,"JESUS RODRIGUES","JESUS RODRIGUES é DEPUTADO FEDERAL do PT pela Unidade da Federação PI",639624,"NULL","NULL",1,0
1196,976,"en_US",0,"JHONATAN DE JESUS","JHONATAN DE JESUS é DEPUTADO FEDERAL do PRB pela Unidade da Federação RR",136624,"NULL","NULL",1,0
1197,976,"en_US",0,"JILMAR TATTO","JILMAR TATTO é DEPUTADO FEDERAL do PT pela Unidade da Federação SP",527624,"NULL","NULL",1,0
1198,976,"en_US",0,"JOAQUIM BELTRÃO","JOAQUIM BELTRÃO é DEPUTADO FEDERAL do PMDB pela Unidade da Federação AL",795624,"NULL","NULL",1,0
1199,976,"en_US",0,"JONAS DONIZETTE","JONAS DONIZETTE é DEPUTADO FEDERAL do PSB pela Unidade da Federação SP",834624,"NULL","NULL",1,0
1200,976,"en_US",0,"JORGE BITTAR","JORGE BITTAR é DEPUTADO FEDERAL do PT pela Unidade da Federação RJ",239624,"NULL","NULL",1,0
1201,976,"en_US",0,"JORGE BOEIRA","JORGE BOEIRA é DEPUTADO FEDERAL do PSD pela Unidade da Federação SC",301624,"NULL","NULL",1,0
1202,976,"en_US",0,"JORGE CORTE REAL","JORGE CORTE REAL é DEPUTADO FEDERAL do PTB pela Unidade da Federação PE",727624,"NULL","NULL",1,0
1203,976,"en_US",0,"JORGE TADEU MUDALEN","JORGE TADEU MUDALEN é DEPUTADO FEDERAL do DEM pela Unidade da Federação SP",896624,"NULL","NULL",1,0
1204,976,"en_US",0,"JORGINHO MELLO","JORGINHO MELLO é DEPUTADO FEDERAL do PR pela Unidade da Federação SC",510624,"NULL","NULL",1,0
1205,976,"en_US",0,"JOSE STÉDILE","JOSE STÉDILE é DEPUTADO FEDERAL do PSB pela Unidade da Federação RS",424624,"NULL","NULL",1,0
1206,976,"en_US",0,"JOSIAS GOMES","JOSIAS GOMES é DEPUTADO FEDERAL do PT pela Unidade da Federação BA",915624,"NULL","NULL",1,0
1207,976,"en_US",0,"JOSUÉ BENGTSON","JOSUÉ BENGTSON é DEPUTADO FEDERAL do PTB pela Unidade da Federação PA",597624,"NULL","NULL",1,0
1208,976,"en_US",0,"JOSÉ AIRTON","JOSÉ AIRTON é DEPUTADO FEDERAL do PT pela Unidade da Federação CE",520624,"NULL","NULL",1,0
1209,976,"en_US",0,"JOSÉ AUGUSTO MAIA","JOSÉ AUGUSTO MAIA é DEPUTADO FEDERAL do PTB pela Unidade da Federação PE",535624,"NULL","NULL",1,0
1210,976,"en_US",0,"JOSÉ CARLOS ARAÚJO","JOSÉ CARLOS ARAÚJO é DEPUTADO FEDERAL do PSD pela Unidade da Federação BA",375624,"NULL","NULL",1,0
1211,976,"en_US",0,"JOSÉ CHAVES","JOSÉ CHAVES é DEPUTADO FEDERAL do PTB pela Unidade da Federação PE",122624,"NULL","NULL",1,0
1212,976,"en_US",0,"JOSÉ DE FILIPPI","JOSÉ DE FILIPPI é DEPUTADO FEDERAL do PT pela Unidade da Federação SP",173624,"NULL","NULL",1,0
1213,976,"en_US",0,"JOSÉ GUIMARÃES","JOSÉ GUIMARÃES é DEPUTADO FEDERAL do PT pela Unidade da Federação CE",864624,"NULL","NULL",1,0
1214,976,"en_US",0,"JOSÉ HUMBERTO","JOSÉ HUMBERTO é DEPUTADO FEDERAL do PHS pela Unidade da Federação MG",372624,"NULL","NULL",1,0
1215,976,"en_US",0,"JOSÉ LINHARES","JOSÉ LINHARES é DEPUTADO FEDERAL do PP pela Unidade da Federação CE",830624,"NULL","NULL",1,0
1216,976,"en_US",0,"JOSÉ MENTOR","JOSÉ MENTOR é DEPUTADO FEDERAL do PT pela Unidade da Federação SP",947624,"NULL","NULL",1,0
1217,976,"en_US",0,"JOSÉ NUNES","JOSÉ NUNES é DEPUTADO FEDERAL do PSD pela Unidade da Federação BA",527624,"NULL","NULL",1,0
1218,976,"en_US",0,"JOSÉ OTÁVIO GERMANO","JOSÉ OTÁVIO GERMANO é DEPUTADO FEDERAL do PP pela Unidade da Federação RS",369624,"NULL","NULL",1,0
1219,976,"en_US",0,"JOSÉ PRIANTE","JOSÉ PRIANTE é DEPUTADO FEDERAL do PMDB pela Unidade da Federação PA",555624,"NULL","NULL",1,0
1220,976,"en_US",0,"JOSÉ ROCHA","JOSÉ ROCHA é DEPUTADO FEDERAL do PR pela Unidade da Federação BA",514624,"NULL","NULL",1,0
1221,976,"en_US",0,"JOVAIR ARANTES","JOVAIR ARANTES é DEPUTADO FEDERAL do PTB pela Unidade da Federação GO",596624,"NULL","NULL",1,0
1222,976,"en_US",0,"JOÃO ANANIAS","JOÃO ANANIAS é DEPUTADO FEDERAL do PC do B pela Unidade da Federação CE",102624,"NULL","NULL",1,0
1223,976,"en_US",0,"JOÃO ARRUDA","JOÃO ARRUDA é DEPUTADO FEDERAL do PMDB pela Unidade da Federação PR",525624,"NULL","NULL",1,0
1224,976,"en_US",0,"JOÃO BITTAR","JOÃO BITTAR é DEPUTADO FEDERAL do DEM pela Unidade da Federação MG",219624,"NULL","NULL",1,0
1225,976,"en_US",0,"JOÃO CAMPOS","JOÃO CAMPOS é DEPUTADO FEDERAL do PSDB pela Unidade da Federação GO",816624,"NULL","NULL",1,0
1226,976,"en_US",0,"JOÃO CARLOS BACELAR","JOÃO CARLOS BACELAR é DEPUTADO FEDERAL do PR pela Unidade da Federação BA",930624,"NULL","NULL",1,0
1227,976,"en_US",0,"JOÃO DADO","JOÃO DADO é DEPUTADO FEDERAL do PDT pela Unidade da Federação SP",365624,"NULL","NULL",1,0
1228,976,"en_US",0,"JOÃO LEÃO","JOÃO LEÃO é DEPUTADO FEDERAL do PP pela Unidade da Federação BA",577624,"NULL","NULL",1,0
1229,976,"en_US",0,"JOÃO LYRA","JOÃO LYRA é DEPUTADO FEDERAL do PSD pela Unidade da Federação AL",975624,"NULL","NULL",1,0
1230,976,"en_US",0,"JOÃO MAGALHÃES","JOÃO MAGALHÃES é DEPUTADO FEDERAL do PMDB pela Unidade da Federação MG",581624,"NULL","NULL",1,0
1231,976,"en_US",0,"JOÃO MAIA","JOÃO MAIA é DEPUTADO FEDERAL do PR pela Unidade da Federação RN",245624,"NULL","NULL",1,0
1232,976,"en_US",0,"JOÃO PAULO CUNHA","JOÃO PAULO CUNHA é DEPUTADO FEDERAL do PT pela Unidade da Federação SP",655624,"NULL","NULL",1,0
1233,976,"en_US",0,"JOÃO PAULO LIMA","JOÃO PAULO LIMA é DEPUTADO FEDERAL do PT pela Unidade da Federação PE",550624,"NULL","NULL",1,0
1234,976,"en_US",0,"JOÃO PIZZOLATTI","JOÃO PIZZOLATTI é DEPUTADO FEDERAL do PP pela Unidade da Federação SC",928624,"NULL","NULL",1,0
1235,976,"en_US",0,"JOÃO RODRIGUES","JOÃO RODRIGUES é DEPUTADO FEDERAL do PSD pela Unidade da Federação SC",827624,"NULL","NULL",1,0
1236,976,"en_US",0,"JUNJI ABE","JUNJI ABE é DEPUTADO FEDERAL do PSD pela Unidade da Federação SP",140624,"NULL","NULL",1,0
1237,976,"en_US",0,"JUTAHY JUNIOR","JUTAHY JUNIOR é DEPUTADO FEDERAL do PSDB pela Unidade da Federação BA",216624,"NULL","NULL",1,0
1238,976,"en_US",0,"JÂNIO NATAL","JÂNIO NATAL é DEPUTADO FEDERAL do PRP pela Unidade da Federação BA",275624,"NULL","NULL",1,0
1239,976,"en_US",0,"JÔ MORAES","JÔ MORAES é DEPUTADO FEDERAL do PC do B pela Unidade da Federação MG",149624,"NULL","NULL",1,0
1240,976,"en_US",0,"JÚLIO CAMPOS","JÚLIO CAMPOS é DEPUTADO FEDERAL do DEM pela Unidade da Federação MT",982624,"NULL","NULL",1,0
1241,976,"en_US",0,"JÚLIO CESAR","JÚLIO CESAR é DEPUTADO FEDERAL do PSD pela Unidade da Federação PI",217624,"NULL","NULL",1,0
1242,976,"en_US",0,"JÚLIO DELGADO","JÚLIO DELGADO é DEPUTADO FEDERAL do PSB pela Unidade da Federação MG",896624,"NULL","NULL",1,0
1243,976,"en_US",0,"JÚNIOR COIMBRA","JÚNIOR COIMBRA é DEPUTADO FEDERAL do PMDB pela Unidade da Federação TO",173624,"NULL","NULL",1,0
1244,976,"en_US",0,"KEIKO OTA","KEIKO OTA é DEPUTADO FEDERAL do PSB pela Unidade da Federação SP",732624,"NULL","NULL",1,0
1245,976,"en_US",0,"LAEL VARELLA","LAEL VARELLA é DEPUTADO FEDERAL do DEM pela Unidade da Federação MG",392624,"NULL","NULL",1,0
1246,976,"en_US",0,"LAERCIO OLIVEIRA","LAERCIO OLIVEIRA é DEPUTADO FEDERAL do PR pela Unidade da Federação SE",309624,"NULL","NULL",1,0
1247,976,"en_US",0,"LAUREZ MOREIRA","LAUREZ MOREIRA é DEPUTADO FEDERAL do PSB pela Unidade da Federação TO",440624,"NULL","NULL",1,0
1248,976,"en_US",0,"LAURIETE","LAURIETE é DEPUTADO FEDERAL do PSC pela Unidade da Federação ES",345624,"NULL","NULL",1,0
1249,976,"en_US",0,"LEANDRO VILELA","LEANDRO VILELA é DEPUTADO FEDERAL do PMDB pela Unidade da Federação GO",859624,"NULL","NULL",1,0
1250,976,"en_US",0,"LELO COIMBRA","LELO COIMBRA é DEPUTADO FEDERAL do PMDB pela Unidade da Federação ES",118624,"NULL","NULL",1,0
1251,976,"en_US",0,"LEONARDO GADELHA","LEONARDO GADELHA é DEPUTADO FEDERAL do PSC pela Unidade da Federação PB",865624,"NULL","NULL",1,0
1252,976,"en_US",0,"LEONARDO MONTEIRO","LEONARDO MONTEIRO é DEPUTADO FEDERAL do PT pela Unidade da Federação MG",368624,"NULL","NULL",1,0
1253,976,"en_US",0,"LEONARDO PICCIANI","LEONARDO PICCIANI é DEPUTADO FEDERAL do PMDB pela Unidade da Federação RJ",978624,"NULL","NULL",1,0
1254,976,"en_US",0,"LEONARDO QUINTÃO","LEONARDO QUINTÃO é DEPUTADO FEDERAL do PMDB pela Unidade da Federação MG",719624,"NULL","NULL",1,0
1255,976,"en_US",0,"LEONARDO VILELA","LEONARDO VILELA é DEPUTADO FEDERAL do PSDB pela Unidade da Federação GO",686624,"NULL","NULL",1,0
1256,976,"en_US",0,"LEOPOLDO MEYER","LEOPOLDO MEYER é DEPUTADO FEDERAL do PSB pela Unidade da Federação PR",749624,"NULL","NULL",1,0
1257,976,"en_US",0,"LILIAM SÁ","LILIAM SÁ é DEPUTADO FEDERAL do PSD pela Unidade da Federação RJ",215624,"NULL","NULL",1,0
1258,976,"en_US",0,"LINCOLN PORTELA","LINCOLN PORTELA é DEPUTADO FEDERAL do PR pela Unidade da Federação MG",826624,"NULL","NULL",1,0
1259,976,"en_US",0,"LIRA MAIA","LIRA MAIA é DEPUTADO FEDERAL do DEM pela Unidade da Federação PA",103624,"NULL","NULL",1,0
1260,976,"en_US",0,"LOURIVAL MENDES","LOURIVAL MENDES é DEPUTADO FEDERAL do PT do B pela Unidade da Federação MA",988624,"NULL","NULL",1,0
1261,976,"en_US",0,"LUCI CHOINACKI","LUCI CHOINACKI é DEPUTADO FEDERAL do PT pela Unidade da Federação SC",995624,"NULL","NULL",1,0
1262,976,"en_US",0,"LUCIANA SANTOS","LUCIANA SANTOS é DEPUTADO FEDERAL do PC do B pela Unidade da Federação PE",106624,"NULL","NULL",1,0
1263,976,"en_US",0,"LUCIANO CASTRO","LUCIANO CASTRO é DEPUTADO FEDERAL do PR pela Unidade da Federação RR",664624,"NULL","NULL",1,0
1264,976,"en_US",0,"LUCIO VIEIRA LIMA","LUCIO VIEIRA LIMA é DEPUTADO FEDERAL do PMDB pela Unidade da Federação BA",143624,"NULL","NULL",1,0
1265,976,"en_US",0,"LUIS CARLOS HEINZE","LUIS CARLOS HEINZE é DEPUTADO FEDERAL do PP pela Unidade da Federação RS",430624,"NULL","NULL",1,0
1266,976,"en_US",0,"LUIS TIBÉ","LUIS TIBÉ é DEPUTADO FEDERAL do PT do B pela Unidade da Federação MG",159624,"NULL","NULL",1,0
1267,976,"en_US",0,"LUIZ ALBERTO","LUIZ ALBERTO é DEPUTADO FEDERAL do PT pela Unidade da Federação BA",991624,"NULL","NULL",1,0
1268,976,"en_US",0,"LUIZ ARGÔLO","LUIZ ARGÔLO é DEPUTADO FEDERAL do PP pela Unidade da Federação BA",908624,"NULL","NULL",1,0
1269,976,"en_US",0,"LUIZ CARLOS","LUIZ CARLOS é DEPUTADO FEDERAL do PSDB pela Unidade da Federação AP",435624,"NULL","NULL",1,0
1270,976,"en_US",0,"LUIZ CARLOS SETIM","LUIZ CARLOS SETIM é DEPUTADO FEDERAL do DEM pela Unidade da Federação PR",945624,"NULL","NULL",1,0
1271,976,"en_US",0,"LUIZ COUTO","LUIZ COUTO é DEPUTADO FEDERAL do PT pela Unidade da Federação PB",531624,"NULL","NULL",1,0
1272,976,"en_US",0,"LUIZ FERNANDO FARIA","LUIZ FERNANDO FARIA é DEPUTADO FEDERAL do PP pela Unidade da Federação MG",103624,"NULL","NULL",1,0
1273,976,"en_US",0,"LUIZ FERNANDO MACHADO","LUIZ FERNANDO MACHADO é DEPUTADO FEDERAL do PSDB pela Unidade da Federação SP",304624,"NULL","NULL",1,0
1274,976,"en_US",0,"LUIZ NISHIMORI","LUIZ NISHIMORI é DEPUTADO FEDERAL do PSDB pela Unidade da Federação PR",665624,"NULL","NULL",1,0
1275,976,"en_US",0,"LUIZ PITIMAN","LUIZ PITIMAN é DEPUTADO FEDERAL do PMDB pela Unidade da Federação DF",653624,"NULL","NULL",1,0
1276,976,"en_US",0,"LUIZ SÉRGIO","LUIZ SÉRGIO é DEPUTADO FEDERAL do PT pela Unidade da Federação RJ",770624,"NULL","NULL",1,0
1277,976,"en_US",0,"LUIZA ERUNDINA","LUIZA ERUNDINA é DEPUTADO FEDERAL do PSB pela Unidade da Federação SP",781624,"NULL","NULL",1,0
1278,976,"en_US",0,"LÁZARO BOTELHO","LÁZARO BOTELHO é DEPUTADO FEDERAL do PMDB pela Unidade da Federação TO",197624,"NULL","NULL",1,0
1279,976,"en_US",0,"LÚCIO VALE","LÚCIO VALE é DEPUTADO FEDERAL do PR pela Unidade da Federação PA",730624,"NULL","NULL",1,0
1280,976,"en_US",0,"MAGELA","MAGELA é DEPUTADO FEDERAL do PT pela Unidade da Federação DF",195624,"NULL","NULL",1,0
1281,976,"en_US",0,"MANATO","MANATO é DEPUTADO FEDERAL do PDT pela Unidade da Federação ES",217624,"NULL","NULL",1,0
1282,976,"en_US",0,"MANDETTA","MANDETTA é DEPUTADO FEDERAL do DEM pela Unidade da Federação MS",624624,"NULL","NULL",1,0
1283,976,"en_US",0,"MANOEL JUNIOR","MANOEL JUNIOR é DEPUTADO FEDERAL do PMDB pela Unidade da Federação PB",203624,"NULL","NULL",1,0
1284,976,"en_US",0,"MANOEL SALVIANO","MANOEL SALVIANO é DEPUTADO FEDERAL do PSD pela Unidade da Federação CE",786624,"NULL","NULL",1,0
1285,976,"en_US",0,"MANUELA D'ÁVILA","MANUELA D'ÁVILA é DEPUTADO FEDERAL do PC do B pela Unidade da Federação RS",671624,"NULL","NULL",1,0
1286,976,"en_US",0,"MARA GABRILLI","MARA GABRILLI é DEPUTADO FEDERAL do PSDB pela Unidade da Federação SP",105624,"NULL","NULL",1,0
1287,976,"en_US",0,"MARCELO AGUIAR","MARCELO AGUIAR é DEPUTADO FEDERAL do PSD pela Unidade da Federação SP",555624,"NULL","NULL",1,0
1288,976,"en_US",0,"MARCELO CASTRO","MARCELO CASTRO é DEPUTADO FEDERAL do PMDB pela Unidade da Federação PI",847624,"NULL","NULL",1,0
1289,976,"en_US",0,"MARCELO MATOS","MARCELO MATOS é DEPUTADO FEDERAL do PDT pela Unidade da Federação RJ",179624,"NULL","NULL",1,0
1290,976,"en_US",0,"MARCIO BITTAR","MARCIO BITTAR é DEPUTADO FEDERAL do PSDB pela Unidade da Federação AC",476624,"NULL","NULL",1,0
1291,976,"en_US",0,"MARCO MAIA","MARCO MAIA é DEPUTADO FEDERAL do PT pela Unidade da Federação RS",470624,"NULL","NULL",1,0
1292,976,"en_US",0,"MARCO TEBALDI","MARCO TEBALDI é DEPUTADO FEDERAL do PSDB pela Unidade da Federação SC",278624,"NULL","NULL",1,0
1293,976,"en_US",0,"MARCON","MARCON é DEPUTADO FEDERAL do PT pela Unidade da Federação RS","1f5624","NULL","NULL",1,0
1294,976,"en_US",0,"MARCOS MEDRADO","MARCOS MEDRADO é DEPUTADO FEDERAL do PDT pela Unidade da Federação BA",626624,"NULL","NULL",1,0
1295,976,"en_US",0,"MARCOS MONTES","MARCOS MONTES é DEPUTADO FEDERAL do PSD pela Unidade da Federação MG",712624,"NULL","NULL",1,0
1296,976,"en_US",0,"MARCOS ROGÉRIO","MARCOS ROGÉRIO é DEPUTADO FEDERAL do PDT pela Unidade da Federação RO",563624,"NULL","NULL",1,0
1297,976,"en_US",0,"MARCUS PESTANA","MARCUS PESTANA é DEPUTADO FEDERAL do PSDB pela Unidade da Federação MG",672624,"NULL","NULL",1,0
1298,976,"en_US",0,"MARINHA RAUPP","MARINHA RAUPP é DEPUTADO FEDERAL do PMDB pela Unidade da Federação RO",338624,"NULL","NULL",1,0
1299,976,"en_US",0,"MARLLOS SAMPAIO","MARLLOS SAMPAIO é DEPUTADO FEDERAL do PMDB pela Unidade da Federação PI",410624,"NULL","NULL",1,0
1300,976,"en_US",0,"MARÇAL FILHO","MARÇAL FILHO é DEPUTADO FEDERAL do PMDB pela Unidade da Federação MS",794624,"NULL","NULL",1,0
1301,976,"en_US",0,"MAURO BENEVIDES","MAURO BENEVIDES é DEPUTADO FEDERAL do PMDB pela Unidade da Federação CE",518624,"NULL","NULL",1,0
1302,976,"en_US",0,"MAURO LOPES","MAURO LOPES é DEPUTADO FEDERAL do PMDB pela Unidade da Federação MG",535624,"NULL","NULL",1,0
1303,976,"en_US",0,"MAURO MARIANI","MAURO MARIANI é DEPUTADO FEDERAL do PMDB pela Unidade da Federação SC",512624,"NULL","NULL",1,0
1304,976,"en_US",0,"MAURO NAZIF","MAURO NAZIF é DEPUTADO FEDERAL do PSB pela Unidade da Federação RO",685624,"NULL","NULL",1,0
1305,976,"en_US",0,"MAURÍCIO QUINTELLA LESSA","MAURÍCIO QUINTELLA LESSA é DEPUTADO FEDERAL do PR pela Unidade da Federação AL",207624,"NULL","NULL",1,0
1306,976,"en_US",0,"MAURÍCIO TRINDADE","MAURÍCIO TRINDADE é DEPUTADO FEDERAL do PR pela Unidade da Federação BA",792624,"NULL","NULL",1,0
1307,976,"en_US",0,"MENDONÇA FILHO","MENDONÇA FILHO é DEPUTADO FEDERAL do DEM pela Unidade da Federação PE",155624,"NULL","NULL",1,0
1308,976,"en_US",0,"MENDONÇA PRADO","MENDONÇA PRADO é DEPUTADO FEDERAL do DEM pela Unidade da Federação SE",313624,"NULL","NULL",1,0
1309,976,"en_US",0,"MIGUEL CORRÊA","MIGUEL CORRÊA é DEPUTADO FEDERAL do PT pela Unidade da Federação MG",214624,"NULL","NULL",1,0
1310,976,"en_US",0,"MILTON MONTI","MILTON MONTI é DEPUTADO FEDERAL do PR pela Unidade da Federação SP",337624,"NULL","NULL",1,0
1311,976,"en_US",0,"MIRIQUINHO BATISTA","MIRIQUINHO BATISTA é DEPUTADO FEDERAL do PT pela Unidade da Federação PA",533624,"NULL","NULL",1,0
1312,976,"en_US",0,"MIRO TEIXEIRA","MIRO TEIXEIRA é DEPUTADO FEDERAL do PDT pela Unidade da Federação RJ",516624,"NULL","NULL",1,0
1313,976,"en_US",0,"MISSIONÁRIO JOSÉ OLIMPIO","MISSIONÁRIO JOSÉ OLIMPIO é DEPUTADO FEDERAL do PP pela Unidade da Federação SP",780624,"NULL","NULL",1,0
1314,976,"en_US",0,"MOREIRA MENDES","MOREIRA MENDES é DEPUTADO FEDERAL do PSD pela Unidade da Federação RO",821624,"NULL","NULL",1,0
1315,976,"en_US",0,"MÁRCIO FRANÇA","MÁRCIO FRANÇA é DEPUTADO FEDERAL do PSB pela Unidade da Federação SP",705624,"NULL","NULL",1,0
1316,976,"en_US",0,"MÁRCIO MACÊDO","MÁRCIO MACÊDO é DEPUTADO FEDERAL do PT pela Unidade da Federação SE",313624,"NULL","NULL",1,0
1317,976,"en_US",0,"MÁRCIO MARINHO","MÁRCIO MARINHO é DEPUTADO FEDERAL do PRB pela Unidade da Federação BA",575624,"NULL","NULL",1,0
1318,976,"en_US",0,"MÁRCIO REINALDO MOREIRA","MÁRCIO REINALDO MOREIRA é DEPUTADO FEDERAL do PP pela Unidade da Federação MG",530624,"NULL","NULL",1,0
1319,976,"en_US",0,"MÁRIO DE OLIVEIRA","MÁRIO DE OLIVEIRA é DEPUTADO FEDERAL do PSC pela Unidade da Federação MG",891624,"NULL","NULL",1,0
1320,976,"en_US",0,"MÁRIO NEGROMONTE","MÁRIO NEGROMONTE é DEPUTADO FEDERAL do PP pela Unidade da Federação BA",175624,"NULL","NULL",1,0
1321,976,"en_US",0,"NATAN DONADON","NATAN DONADON é DEPUTADO FEDERAL do PMDB pela Unidade da Federação RO",652624,"NULL","NULL",1,0
1322,976,"en_US",0,"NAZARENO FONTELES","NAZARENO FONTELES é DEPUTADO FEDERAL do PT pela Unidade da Federação PI",783624,"NULL","NULL",1,0
1323,976,"en_US",0,"NEILTON MULIM","NEILTON MULIM é DEPUTADO FEDERAL do PR pela Unidade da Federação RJ",489624,"NULL","NULL",1,0
1324,976,"en_US",0,"NELSON BORNIER","NELSON BORNIER é DEPUTADO FEDERAL do PMDB pela Unidade da Federação RJ",716624,"NULL","NULL",1,0
1325,976,"en_US",0,"NELSON MARCHEZAN JUNIOR","NELSON MARCHEZAN JUNIOR é DEPUTADO FEDERAL do PSDB pela Unidade da Federação RS",727624,"NULL","NULL",1,0
1326,976,"en_US",0,"NELSON MARQUEZELLI","NELSON MARQUEZELLI é DEPUTADO FEDERAL do PTB pela Unidade da Federação SP",669624,"NULL","NULL",1,0
1327,976,"en_US",0,"NELSON MEURER","NELSON MEURER é DEPUTADO FEDERAL do PP pela Unidade da Federação PR",468624,"NULL","NULL",1,0
1328,976,"en_US",0,"NELSON PADOVANI","NELSON PADOVANI é DEPUTADO FEDERAL do PSC pela Unidade da Federação PR",204624,"NULL","NULL",1,0
1329,976,"en_US",0,"NELSON PELLEGRINO","NELSON PELLEGRINO é DEPUTADO FEDERAL do PT pela Unidade da Federação BA",113624,"NULL","NULL",1,0
1330,976,"en_US",0,"NEWTON CARDOSO","NEWTON CARDOSO é DEPUTADO FEDERAL do PMDB pela Unidade da Federação MG",792624,"NULL","NULL",1,0
1331,976,"en_US",0,"NEWTON LIMA","NEWTON LIMA é DEPUTADO FEDERAL do PT pela Unidade da Federação SP",284624,"NULL","NULL",1,0
1332,976,"en_US",0,"NICE LOBÃO","NICE LOBÃO é DEPUTADO FEDERAL do PSD pela Unidade da Federação MA",990624,"NULL","NULL",1,0
1333,976,"en_US",0,"NILDA GONDIM","NILDA GONDIM é DEPUTADO FEDERAL do PMDB pela Unidade da Federação PB",658624,"NULL","NULL",1,0
1334,976,"en_US",0,"NILSON LEITÃO","NILSON LEITÃO é DEPUTADO FEDERAL do PSDB pela Unidade da Federação MT",361624,"NULL","NULL",1,0
1335,976,"en_US",0,"NILTON CAPIXABA","NILTON CAPIXABA é DEPUTADO FEDERAL do PTB pela Unidade da Federação RO",708624,"NULL","NULL",1,0
1336,976,"en_US",0,"ODAIR CUNHA","ODAIR CUNHA é DEPUTADO FEDERAL do PT pela Unidade da Federação MG",446624,"NULL","NULL",1,0
1337,976,"en_US",0,"ODÍLIO BALBINOTTI","ODÍLIO BALBINOTTI é DEPUTADO FEDERAL do PMDB pela Unidade da Federação PR",182624,"NULL","NULL",1,0
1338,976,"en_US",0,"ONOFRE SANTO AGOSTINI","ONOFRE SANTO AGOSTINI é DEPUTADO FEDERAL do PSD pela Unidade da Federação SC",712624,"NULL","NULL",1,0
1339,976,"en_US",0,"ONYX LORENZONI","ONYX LORENZONI é DEPUTADO FEDERAL do DEM pela Unidade da Federação RS",240624,"NULL","NULL",1,0
1340,976,"en_US",0,"OSMAR JÚNIOR","OSMAR JÚNIOR é DEPUTADO FEDERAL do PC do B pela Unidade da Federação PI",913624,"NULL","NULL",1,0
1341,976,"en_US",0,"OSMAR SERRAGLIO","OSMAR SERRAGLIO é DEPUTADO FEDERAL do PMDB pela Unidade da Federação PR",928624,"NULL","NULL",1,0
1342,976,"en_US",0,"OSMAR TERRA","OSMAR TERRA é DEPUTADO FEDERAL do PMDB pela Unidade da Federação RS",791624,"NULL","NULL",1,0
1343,976,"en_US",0,"OTAVIO LEITE","OTAVIO LEITE é DEPUTADO FEDERAL do PSDB pela Unidade da Federação RJ",862624,"NULL","NULL",1,0
1344,976,"en_US",0,"OTONIEL LIMA","OTONIEL LIMA é DEPUTADO FEDERAL do PRB pela Unidade da Federação SP",371624,"NULL","NULL",1,0
1345,976,"en_US",0,"OZIEL OLIVEIRA","OZIEL OLIVEIRA é DEPUTADO FEDERAL do PDT pela Unidade da Federação BA",399624,"NULL","NULL",1,0
1346,976,"en_US",0,"PADRE JOÃO","PADRE JOÃO é DEPUTADO FEDERAL do PT pela Unidade da Federação MG",212624,"NULL","NULL",1,0
1347,976,"en_US",0,"PADRE TON","PADRE TON é DEPUTADO FEDERAL do PT pela Unidade da Federação RO",981624,"NULL","NULL",1,0
1348,976,"en_US",0,"PAES LANDIM","PAES LANDIM é DEPUTADO FEDERAL do PTB pela Unidade da Federação PI",783624,"NULL","NULL",1,0
1349,976,"en_US",0,"PASTOR EURICO","PASTOR EURICO é DEPUTADO FEDERAL do PSB pela Unidade da Federação PE",808624,"NULL","NULL",1,0
1350,976,"en_US",0,"PASTOR MARCO FELICIANO","PASTOR MARCO FELICIANO é DEPUTADO FEDERAL do PSC pela Unidade da Federação SP",259624,"NULL","NULL",1,0
1351,976,"en_US",0,"PAUDERNEY AVELINO","PAUDERNEY AVELINO é DEPUTADO FEDERAL do DEM pela Unidade da Federação AM",269624,"NULL","NULL",1,0
1352,976,"en_US",0,"PAULO ABI-ACKEL","PAULO ABI-ACKEL é DEPUTADO FEDERAL do PSDB pela Unidade da Federação MG",549624,"NULL","NULL",1,0
1353,976,"en_US",0,"PAULO CESAR QUARTIERO","PAULO CESAR QUARTIERO é DEPUTADO FEDERAL do DEM pela Unidade da Federação RR",139624,"NULL","NULL",1,0
1354,976,"en_US",0,"PAULO FEIJÓ","PAULO FEIJÓ é DEPUTADO FEDERAL do PR pela Unidade da Federação RJ",600624,"NULL","NULL",1,0
1355,976,"en_US",0,"PAULO FERREIRA","PAULO FERREIRA é DEPUTADO FEDERAL do PT pela Unidade da Federação RS",475624,"NULL","NULL",1,0
1356,976,"en_US",0,"PAULO FOLETTO","PAULO FOLETTO é DEPUTADO FEDERAL do PSB pela Unidade da Federação ES",835624,"NULL","NULL",1,0
1357,976,"en_US",0,"PAULO FREIRE","PAULO FREIRE é DEPUTADO FEDERAL do PR pela Unidade da Federação SP",165624,"NULL","NULL",1,0
1358,976,"en_US",0,"PAULO MAGALHÃES","PAULO MAGALHÃES é DEPUTADO FEDERAL do PSD pela Unidade da Federação BA",547624,"NULL","NULL",1,0
1359,976,"en_US",0,"PAULO MALUF","PAULO MALUF é DEPUTADO FEDERAL do PP pela Unidade da Federação SP",557624,"NULL","NULL",1,0
1360,976,"en_US",0,"PAULO PEREIRA DA SILVA","PAULO PEREIRA DA SILVA é DEPUTADO FEDERAL do PDT pela Unidade da Federação SP",322624,"NULL","NULL",1,0
1361,976,"en_US",0,"PAULO PIAU","PAULO PIAU é DEPUTADO FEDERAL do PMDB pela Unidade da Federação MG",126624,"NULL","NULL",1,0
1362,976,"en_US",0,"PAULO PIMENTA","PAULO PIMENTA é DEPUTADO FEDERAL do PT pela Unidade da Federação RS",387624,"NULL","NULL",1,0
1363,976,"en_US",0,"PAULO RUBEM SANTIAGO","PAULO RUBEM SANTIAGO é DEPUTADO FEDERAL do PDT pela Unidade da Federação PE",133624,"NULL","NULL",1,0
1364,976,"en_US",0,"PAULO TEIXEIRA","PAULO TEIXEIRA é DEPUTADO FEDERAL do PT pela Unidade da Federação SP",869624,"NULL","NULL",1,0
1365,976,"en_US",0,"PAULO WAGNER","PAULO WAGNER é DEPUTADO FEDERAL do PV pela Unidade da Federação RN",972624,"NULL","NULL",1,0
1366,976,"en_US",0,"PEDRO CHAVES","PEDRO CHAVES é DEPUTADO FEDERAL do PMDB pela Unidade da Federação GO",730624,"NULL","NULL",1,0
1367,976,"en_US",0,"PEDRO EUGÊNIO","PEDRO EUGÊNIO é DEPUTADO FEDERAL do PT pela Unidade da Federação PE",877624,"NULL","NULL",1,0
1368,976,"en_US",0,"PEDRO HENRY","PEDRO HENRY é DEPUTADO FEDERAL do PP pela Unidade da Federação MT",553624,"NULL","NULL",1,0
1369,976,"en_US",0,"PEDRO NOVAIS","PEDRO NOVAIS é DEPUTADO FEDERAL do PMDB pela Unidade da Federação MA",785624,"NULL","NULL",1,0
1370,976,"en_US",0,"PEDRO UCZAI","PEDRO UCZAI é DEPUTADO FEDERAL do PT pela Unidade da Federação SC",787624,"NULL","NULL",1,0
1371,976,"en_US",0,"PENNA","PENNA é DEPUTADO FEDERAL do PV pela Unidade da Federação SP",892624,"NULL","NULL",1,0
1372,976,"en_US",0,"PERPÉTUA ALMEIDA","PERPÉTUA ALMEIDA é DEPUTADO FEDERAL do PC do B pela Unidade da Federação AC",425624,"NULL","NULL",1,0
1373,976,"en_US",0,"PINTO ITAMARATY","PINTO ITAMARATY é DEPUTADO FEDERAL do PSDB pela Unidade da Federação MA",622624,"NULL","NULL",1,0
1374,976,"en_US",0,"POLICARPO","POLICARPO é DEPUTADO FEDERAL do PT pela Unidade da Federação DF",237624,"NULL","NULL",1,0
1375,976,"en_US",0,"PROFESSOR SETIMO","PROFESSOR SETIMO é DEPUTADO FEDERAL do PMDB pela Unidade da Federação MA",516624,"NULL","NULL",1,0
1376,976,"en_US",0,"PROFESSOR SÉRGIO DE OLIVEIRA","PROFESSOR SÉRGIO DE OLIVEIRA é DEPUTADO FEDERAL do PSC pela Unidade da Federação PR",604624,"NULL","NULL",1,0
1377,976,"en_US",0,"PROFESSORA DORINHA SEABRA REZENDE","PROFESSORA DORINHA SEABRA REZENDE é DEPUTADO FEDERAL do DEM pela Unidade da Federação TO",645624,"NULL","NULL",1,0
1378,976,"en_US",0,"RAIMUNDO GOMES DE MATOS","RAIMUNDO GOMES DE MATOS é DEPUTADO FEDERAL do PSDB pela Unidade da Federação CE",619624,"NULL","NULL",1,0
1379,976,"en_US",0,"RAIMUNDÃO","RAIMUNDÃO é DEPUTADO FEDERAL do PMDB pela Unidade da Federação CE",277624,"NULL","NULL",1,0
1380,976,"en_US",0,"RAUL HENRY","RAUL HENRY é DEPUTADO FEDERAL do PMDB pela Unidade da Federação PE",909624,"NULL","NULL",1,0
1381,976,"en_US",0,"RAUL LIMA","RAUL LIMA é DEPUTADO FEDERAL do PSD pela Unidade da Federação RR",605624,"NULL","NULL",1,0
1382,976,"en_US",0,"REBECCA GARCIA","REBECCA GARCIA é DEPUTADO FEDERAL do PP pela Unidade da Federação AM",257624,"NULL","NULL",1,0
1383,976,"en_US",0,"REGINALDO LOPES","REGINALDO LOPES é DEPUTADO FEDERAL do PT pela Unidade da Federação MG",515624,"NULL","NULL",1,0
1384,976,"en_US",0,"REGUFFE","REGUFFE é DEPUTADO FEDERAL do PDT pela Unidade da Federação DF",932624,"NULL","NULL",1,0
1385,976,"en_US",0,"REINALDO AZAMBUJA","REINALDO AZAMBUJA é DEPUTADO FEDERAL do PSDB pela Unidade da Federação MS",815624,"NULL","NULL",1,0
1386,976,"en_US",0,"REINHOLD STEPHANES","REINHOLD STEPHANES é DEPUTADO FEDERAL do PSD pela Unidade da Federação PR",298624,"NULL","NULL",1,0
1387,976,"en_US",0,"RENAN FILHO","RENAN FILHO é DEPUTADO FEDERAL do PMDB pela Unidade da Federação AL",651624,"NULL","NULL",1,0
1388,976,"en_US",0,"RENATO MOLLING","RENATO MOLLING é DEPUTADO FEDERAL do PP pela Unidade da Federação RS",595624,"NULL","NULL",1,0
1389,976,"en_US",0,"RENZO BRAZ","RENZO BRAZ é DEPUTADO FEDERAL do PP pela Unidade da Federação MG",836624,"NULL","NULL",1,0
1390,976,"en_US",0,"RIBAMAR ALVES","RIBAMAR ALVES é DEPUTADO FEDERAL do PSB pela Unidade da Federação MA",822624,"NULL","NULL",1,0
1391,976,"en_US",0,"RICARDO BERZOINI","RICARDO BERZOINI é DEPUTADO FEDERAL do PT pela Unidade da Federação SP",164624,"NULL","NULL",1,0
1392,976,"en_US",0,"RICARDO IZAR","RICARDO IZAR é DEPUTADO FEDERAL do PSD pela Unidade da Federação SP",952624,"NULL","NULL",1,0
1393,976,"en_US",0,"RICARDO TRIPOLI","RICARDO TRIPOLI é DEPUTADO FEDERAL do PSDB pela Unidade da Federação SP",310624,"NULL","NULL",1,0
1394,976,"en_US",0,"ROBERTO BALESTRA","ROBERTO BALESTRA é DEPUTADO FEDERAL do PP pela Unidade da Federação GO",904624,"NULL","NULL",1,0
1395,976,"en_US",0,"ROBERTO BRITTO","ROBERTO BRITTO é DEPUTADO FEDERAL do PP pela Unidade da Federação BA",182624,"NULL","NULL",1,0
1396,976,"en_US",0,"ROBERTO DE LUCENA","ROBERTO DE LUCENA é DEPUTADO FEDERAL do PV pela Unidade da Federação SP",189624,"NULL","NULL",1,0
1397,976,"en_US",0,"ROBERTO FREIRE","ROBERTO FREIRE é DEPUTADO FEDERAL do PPS pela Unidade da Federação SP",803624,"NULL","NULL",1,0
1398,976,"en_US",0,"ROBERTO SANTIAGO","ROBERTO SANTIAGO é DEPUTADO FEDERAL do PSD pela Unidade da Federação SP",150624,"NULL","NULL",1,0
1399,976,"en_US",0,"ROBERTO TEIXEIRA","ROBERTO TEIXEIRA é DEPUTADO FEDERAL do PP pela Unidade da Federação PE",462624,"NULL","NULL",1,0
1400,976,"en_US",0,"RODRIGO BETHLEM","RODRIGO BETHLEM é DEPUTADO FEDERAL do PMDB pela Unidade da Federação RJ",595624,"NULL","NULL",1,0
1401,976,"en_US",0,"RODRIGO DE CASTRO","RODRIGO DE CASTRO é DEPUTADO FEDERAL do PSDB pela Unidade da Federação MG",332624,"NULL","NULL",1,0
1402,976,"en_US",0,"RODRIGO MAIA","RODRIGO MAIA é DEPUTADO FEDERAL do DEM pela Unidade da Federação RJ",502624,"NULL","NULL",1,0
1403,976,"en_US",0,"ROGÉRIO CARVALHO","ROGÉRIO CARVALHO é DEPUTADO FEDERAL do PT pela Unidade da Federação SE",224624,"NULL","NULL",1,0
1404,976,"en_US",0,"ROGÉRIO PENINHA MENDONÇA","ROGÉRIO PENINHA MENDONÇA é DEPUTADO FEDERAL do PMDB pela Unidade da Federação SC",215624,"NULL","NULL",1,0
1405,976,"en_US",0,"ROMERO RODRIGUES","ROMERO RODRIGUES é DEPUTADO FEDERAL do PSDB pela Unidade da Federação PB",112624,"NULL","NULL",1,0
1406,976,"en_US",0,"ROMÁRIO","ROMÁRIO é DEPUTADO FEDERAL do PSB pela Unidade da Federação RJ",585624,"NULL","NULL",1,0
1407,976,"en_US",0,"RONALDO BENEDET","RONALDO BENEDET é DEPUTADO FEDERAL do PMDB pela Unidade da Federação SC",933624,"NULL","NULL",1,0
1408,976,"en_US",0,"RONALDO CAIADO","RONALDO CAIADO é DEPUTADO FEDERAL do DEM pela Unidade da Federação GO",952624,"NULL","NULL",1,0
1409,976,"en_US",0,"RONALDO FONSECA","RONALDO FONSECA é DEPUTADO FEDERAL do PR pela Unidade da Federação DF",125624,"NULL","NULL",1,0
1410,976,"en_US",0,"RONALDO NOGUEIRA","RONALDO NOGUEIRA é DEPUTADO FEDERAL do PTB pela Unidade da Federação RS",191624,"NULL","NULL",1,0
1411,976,"en_US",0,"RONALDO ZULKE","RONALDO ZULKE é DEPUTADO FEDERAL do PT pela Unidade da Federação RS",706624,"NULL","NULL",1,0
1412,976,"en_US",0,"ROSANE FERREIRA","ROSANE FERREIRA é DEPUTADO FEDERAL do PV pela Unidade da Federação PR",109624,"NULL","NULL",1,0
1413,976,"en_US",0,"ROSE DE FREITAS","ROSE DE FREITAS é DEPUTADO FEDERAL do PMDB pela Unidade da Federação ES",102624,"NULL","NULL",1,0
1414,976,"en_US",0,"ROSINHA DA ADEFAL","ROSINHA DA ADEFAL é DEPUTADO FEDERAL do PT do B pela Unidade da Federação AL",577624,"NULL","NULL",1,0
1415,976,"en_US",0,"RUBENS BUENO","RUBENS BUENO é DEPUTADO FEDERAL do PPS pela Unidade da Federação PR",387624,"NULL","NULL",1,0
1416,976,"en_US",0,"RUBENS OTONI","RUBENS OTONI é DEPUTADO FEDERAL do PT pela Unidade da Federação GO",672624,"NULL","NULL",1,0
1417,976,"en_US",0,"RUI PALMEIRA","RUI PALMEIRA é DEPUTADO FEDERAL do PSDB pela Unidade da Federação AL",474624,"NULL","NULL",1,0
1418,976,"en_US",0,"RUY CARNEIRO","RUY CARNEIRO é DEPUTADO FEDERAL do PSDB pela Unidade da Federação PB",583624,"NULL","NULL",1,0
1419,976,"en_US",0,"SABINO CASTELO BRANCO","SABINO CASTELO BRANCO é DEPUTADO FEDERAL do PTB pela Unidade da Federação AM",750624,"NULL","NULL",1,0
1420,976,"en_US",0,"SALVADOR ZIMBALDI","SALVADOR ZIMBALDI é DEPUTADO FEDERAL do PDT pela Unidade da Federação SP",878624,"NULL","NULL",1,0
1421,976,"en_US",0,"SANDES JÚNIOR","SANDES JÚNIOR é DEPUTADO FEDERAL do PP pela Unidade da Federação GO",573624,"NULL","NULL",1,0
1422,976,"en_US",0,"SANDRA ROSADO","SANDRA ROSADO é DEPUTADO FEDERAL do PSB pela Unidade da Federação RN",425624,"NULL","NULL",1,0
1423,976,"en_US",0,"SANDRO ALEX","SANDRO ALEX é DEPUTADO FEDERAL do PPS pela Unidade da Federação PR",512624,"NULL","NULL",1,0
1424,976,"en_US",0,"SANDRO MABEL","SANDRO MABEL é DEPUTADO FEDERAL do PMDB pela Unidade da Federação GO",956624,"NULL","NULL",1,0
1425,976,"en_US",0,"SARAIVA FELIPE","SARAIVA FELIPE é DEPUTADO FEDERAL do PMDB pela Unidade da Federação MG",418624,"NULL","NULL",1,0
1426,976,"en_US",0,"SARNEY FILHO","SARNEY FILHO é DEPUTADO FEDERAL do PV pela Unidade da Federação MA",674624,"NULL","NULL",1,0
1427,976,"en_US",0,"SEBASTIÃO BALA ROCHA","SEBASTIÃO BALA ROCHA é DEPUTADO FEDERAL do PDT pela Unidade da Federação AP",998624,"NULL","NULL",1,0
1428,976,"en_US",0,"SERGIO GUERRA","SERGIO GUERRA é DEPUTADO FEDERAL do PSDB pela Unidade da Federação PE",550624,"NULL","NULL",1,0
1429,976,"en_US",0,"SEVERINO NINHO","SEVERINO NINHO é DEPUTADO FEDERAL do PSB pela Unidade da Federação PE",918624,"NULL","NULL",1,0
1430,976,"en_US",0,"SIBÁ MACHADO","SIBÁ MACHADO é DEPUTADO FEDERAL do PT pela Unidade da Federação AC",277624,"NULL","NULL",1,0
1431,976,"en_US",0,"SILAS CÂMARA","SILAS CÂMARA é DEPUTADO FEDERAL do PSD pela Unidade da Federação AM",387624,"NULL","NULL",1,0
1432,976,"en_US",0,"SILVIO COSTA","SILVIO COSTA é DEPUTADO FEDERAL do PTB pela Unidade da Federação PE",857624,"NULL","NULL",1,0
1433,976,"en_US",0,"SIMÃO SESSIM","SIMÃO SESSIM é DEPUTADO FEDERAL do PP pela Unidade da Federação RJ",219624,"NULL","NULL",1,0
1434,976,"en_US",0,"STEPAN NERCESSIAN","STEPAN NERCESSIAN é DEPUTADO FEDERAL do PPS pela Unidade da Federação RJ",302624,"NULL","NULL",1,0
1435,976,"en_US",0,"SUELI VIDIGAL","SUELI VIDIGAL é DEPUTADO FEDERAL do PDT pela Unidade da Federação ES",412624,"NULL","NULL",1,0
1436,976,"en_US",0,"SÉRGIO BRITO","SÉRGIO BRITO é DEPUTADO FEDERAL do PSD pela Unidade da Federação BA",465624,"NULL","NULL",1,0
1437,976,"en_US",0,"SÉRGIO MORAES","SÉRGIO MORAES é DEPUTADO FEDERAL do PTB pela Unidade da Federação RS",225624,"NULL","NULL",1,0
1438,976,"en_US",0,"SÉRGIO ZVEITER","SÉRGIO ZVEITER é DEPUTADO FEDERAL do PSD pela Unidade da Federação RJ",701624,"NULL","NULL",1,0
1439,976,"en_US",0,"TAKAYAMA","TAKAYAMA é DEPUTADO FEDERAL do PSC pela Unidade da Federação PR",304624,"NULL","NULL",1,0
1440,976,"en_US",0,"TAUMATURGO LIMA","TAUMATURGO LIMA é DEPUTADO FEDERAL do PT pela Unidade da Federação AC",726624,"NULL","NULL",1,0
1441,976,"en_US",0,"TERESA SURITA","TERESA SURITA é DEPUTADO FEDERAL do PMDB pela Unidade da Federação RR",365624,"NULL","NULL",1,0
1442,976,"en_US",0,"THIAGO PEIXOTO","THIAGO PEIXOTO é DEPUTADO FEDERAL do PSD pela Unidade da Federação GO",659624,"NULL","NULL",1,0
1443,976,"en_US",0,"TIRIRICA","TIRIRICA é DEPUTADO FEDERAL do PR pela Unidade da Federação SP",514624,"NULL","NULL",1,0
1444,976,"en_US",0,"TONINHO PINHEIRO","TONINHO PINHEIRO é DEPUTADO FEDERAL do PP pela Unidade da Federação MG",592624,"NULL","NULL",1,0
1445,976,"en_US",0,"VALADARES FILHO","VALADARES FILHO é DEPUTADO FEDERAL do PSB pela Unidade da Federação SE",140624,"NULL","NULL",1,0
1446,976,"en_US",0,"VALDEMAR COSTA NETO","VALDEMAR COSTA NETO é DEPUTADO FEDERAL do PR pela Unidade da Federação SP",429624,"NULL","NULL",1,0
1447,976,"en_US",0,"VALDIR COLATTO","VALDIR COLATTO é DEPUTADO FEDERAL do PMDB pela Unidade da Federação SC",487624,"NULL","NULL",1,0
1448,976,"en_US",0,"VALMIR ASSUNÇÃO","VALMIR ASSUNÇÃO é DEPUTADO FEDERAL do PT pela Unidade da Federação BA",988624,"NULL","NULL",1,0
1449,976,"en_US",0,"VALTENIR PEREIRA","VALTENIR PEREIRA é DEPUTADO FEDERAL do PSB pela Unidade da Federação MT",743624,"NULL","NULL",1,0
1450,976,"en_US",0,"VANDER LOUBET","VANDER LOUBET é DEPUTADO FEDERAL do PT pela Unidade da Federação MS",565624,"NULL","NULL",1,0
1451,976,"en_US",0,"VANDERLEI MACRIS","VANDERLEI MACRIS é DEPUTADO FEDERAL do PSDB pela Unidade da Federação SP",308624,"NULL","NULL",1,0
1452,976,"en_US",0,"VANDERLEI SIRAQUE","VANDERLEI SIRAQUE é DEPUTADO FEDERAL do PT pela Unidade da Federação SP",217624,"NULL","NULL",1,0
1453,976,"en_US",0,"VAZ DE LIMA","VAZ DE LIMA é DEPUTADO FEDERAL do PSDB pela Unidade da Federação SP",543624,"NULL","NULL",1,0
1454,976,"en_US",0,"VICENTE ARRUDA","VICENTE ARRUDA é DEPUTADO FEDERAL do PR pela Unidade da Federação CE",699624,"NULL","NULL",1,0
1455,976,"en_US",0,"VICENTE CANDIDO","VICENTE CANDIDO é DEPUTADO FEDERAL do PT pela Unidade da Federação SP",593624,"NULL","NULL",1,0
1456,976,"en_US",0,"VICENTINHO","VICENTINHO é DEPUTADO FEDERAL do PT pela Unidade da Federação SP",325624,"NULL","NULL",1,0
1457,976,"en_US",0,"VIEIRA DA CUNHA","VIEIRA DA CUNHA é DEPUTADO FEDERAL do PDT pela Unidade da Federação RS",548624,"NULL","NULL",1,0
1458,976,"en_US",0,"VILALBA","VILALBA é DEPUTADO FEDERAL do PRB pela Unidade da Federação PE",455624,"NULL","NULL",1,0
1459,976,"en_US",0,"VILMAR ROCHA","VILMAR ROCHA é DEPUTADO FEDERAL do PSD pela Unidade da Federação GO",381624,"NULL","NULL",1,0
1460,976,"en_US",0,"VILSON COVATTI","VILSON COVATTI é DEPUTADO FEDERAL do PP pela Unidade da Federação RS",104624,"NULL","NULL",1,0
1461,976,"en_US",0,"VINICIUS GURGEL","VINICIUS GURGEL é DEPUTADO FEDERAL do PR pela Unidade da Federação AP",351624,"NULL","NULL",1,0
1462,976,"en_US",0,"VITOR PAULO","VITOR PAULO é DEPUTADO FEDERAL do PRB pela Unidade da Federação RJ",223624,"NULL","NULL",1,0
1463,976,"en_US",0,"VITOR PENIDO","VITOR PENIDO é DEPUTADO FEDERAL do DEM pela Unidade da Federação MG",985624,"NULL","NULL",1,0
1464,976,"en_US",0,"WALDENOR PEREIRA","WALDENOR PEREIRA é DEPUTADO FEDERAL do PT pela Unidade da Federação BA",181624,"NULL","NULL",1,0
1465,976,"en_US",0,"WALDIR MARANHÃO","WALDIR MARANHÃO é DEPUTADO FEDERAL do PP pela Unidade da Federação MA",345624,"NULL","NULL",1,0
1466,976,"en_US",0,"WALNEY ROCHA","WALNEY ROCHA é DEPUTADO FEDERAL do PTB pela Unidade da Federação RJ",289624,"NULL","NULL",1,0
1467,976,"en_US",0,"WALTER FELDMAN","WALTER FELDMAN é DEPUTADO FEDERAL do PSDB pela Unidade da Federação SP",913624,"NULL","NULL",1,0
1468,976,"en_US",0,"WALTER IHOSHI","WALTER IHOSHI é DEPUTADO FEDERAL do PSD pela Unidade da Federação SP",633624,"NULL","NULL",1,0
1469,976,"en_US",0,"WALTER TOSTA","WALTER TOSTA é DEPUTADO FEDERAL do PSD pela Unidade da Federação MG",966624,"NULL","NULL",1,0
1470,976,"en_US",0,"WANDENKOLK GONÇALVES","WANDENKOLK GONÇALVES é DEPUTADO FEDERAL do PSDB pela Unidade da Federação PA",268624,"NULL","NULL",1,0
1471,976,"en_US",0,"WASHINGTON REIS","WASHINGTON REIS é DEPUTADO FEDERAL do PMDB pela Unidade da Federação RJ",920624,"NULL","NULL",1,0
1472,976,"en_US",0,"WELITON PRADO","WELITON PRADO é DEPUTADO FEDERAL do PT pela Unidade da Federação MG",734624,"NULL","NULL",1,0
1473,976,"en_US",0,"WELLINGTON FAGUNDES","WELLINGTON FAGUNDES é DEPUTADO FEDERAL do PR pela Unidade da Federação MT",982624,"NULL","NULL",1,0
1474,976,"en_US",0,"WELLINGTON ROBERTO","WELLINGTON ROBERTO é DEPUTADO FEDERAL do PR pela Unidade da Federação PB",840624,"NULL","NULL",1,0
1475,976,"en_US",0,"WILLIAM DIB","WILLIAM DIB é DEPUTADO FEDERAL do PSDB pela Unidade da Federação SP",587624,"NULL","NULL",1,0
1476,976,"en_US",0,"WILSON FILHO","WILSON FILHO é DEPUTADO FEDERAL do PMDB pela Unidade da Federação PB",692624,"NULL","NULL",1,0
1477,976,"en_US",0,"WLADIMIR COSTA","WLADIMIR COSTA é DEPUTADO FEDERAL do PMDB pela Unidade da Federação PA",215624,"NULL","NULL",1,0
1478,976,"en_US",0,"WOLNEY QUEIROZ","WOLNEY QUEIROZ é DEPUTADO FEDERAL do PDT pela Unidade da Federação PE",583624,"NULL","NULL",1,0
1479,976,"en_US",0,"ZECA DIRCEU","ZECA DIRCEU é DEPUTADO FEDERAL do PT pela Unidade da Federação PR",928624,"NULL","NULL",1,0
1480,976,"en_US",0,"ZENALDO COUTINHO","ZENALDO COUTINHO é DEPUTADO FEDERAL do PSDB pela Unidade da Federação PA",715624,"NULL","NULL",1,0
1481,976,"en_US",0,"ZEQUINHA MARINHO","ZEQUINHA MARINHO é DEPUTADO FEDERAL do PSC pela Unidade da Federação PA",866624,"NULL","NULL",1,0
1482,976,"en_US",0,"ZEZÉU RIBEIRO","ZEZÉU RIBEIRO é DEPUTADO FEDERAL do PT pela Unidade da Federação BA",735624,"NULL","NULL",1,0
1483,976,"en_US",0,"ZOINHO","ZOINHO é DEPUTADO FEDERAL do PR pela Unidade da Federação RJ",630624,"NULL","NULL",1,0
1484,976,"en_US",0,"ZÉ GERALDO","ZÉ GERALDO é DEPUTADO FEDERAL do PT pela Unidade da Federação PA",341624,"NULL","NULL",1,0
1485,976,"en_US",0,"ZÉ SILVA","ZÉ SILVA é DEPUTADO FEDERAL do PDT pela Unidade da Federação MG",783624,"NULL","NULL",1,0
1486,976,"en_US",0,"ZÉ VIEIRA","ZÉ VIEIRA é DEPUTADO FEDERAL do PR pela Unidade da Federação MA",467624,"NULL","NULL",1,0
1487,976,"en_US",0,"ÁTILA LINS","ÁTILA LINS é DEPUTADO FEDERAL do PSD pela Unidade da Federação AM",155624,"NULL","NULL",1,0
1488,976,"en_US",0,"ÂNGELO AGNOLIN","ÂNGELO AGNOLIN é DEPUTADO FEDERAL do PDT pela Unidade da Federação TO",727624,"NULL","NULL",1,0
1489,976,"en_US",0,"ÍRIS DE ARAÚJO","ÍRIS DE ARAÚJO é DEPUTADO FEDERAL do PMDB pela Unidade da Federação GO",573624,"NULL","NULL",1,0
