{"data":[{"Órgão":"ADVOCACIA-GERAL DA UNIÃO"},{"Órgão":"CONSELHO NACIONAL DE JUSTIÇA"},{"Órgão":"CONTROLADORIA-GERAL DA UNIÃO"},{"Órgão":"CÂMARA DOS DEPUTADOS"},{"Órgão":"ENCARGOS FINANCEIROS DA UNIÃO"},{"Órgão":"JUSTIÇA DO DISTRITO FEDERAL E DOS TERRITÓRIOS"},{"Órgão":"JUSTIÇA DO TRABALHO"},{"Órgão":"JUSTIÇA ELEITORAL"},{"Órgão":"JUSTIÇA FEDERAL"},{"Órgão":"MINISTÉRIO DA AGRICULTURA, PECUÁRIA E ABASTECIMENTO"},{"Órgão":"MINISTÉRIO DA CIÊNCIA, TECNOLOGIA E INOVAÇÃO"},{"Órgão":"MINISTÉRIO DA CULTURA"},{"Órgão":"MINISTÉRIO DA DEFESA"},{"Órgão":"MINISTÉRIO DA EDUCAÇÃO"},{"Órgão":"MINISTÉRIO DA FAZENDA"},{"Órgão":"MINISTÉRIO DA INTEGRAÇÃO NACIONAL"},{"Órgão":"MINISTÉRIO DA JUSTIÇA"},{"Órgão":"MINISTÉRIO DA PESCA E AQUICULTURA"},{"Órgão":"MINISTÉRIO DA PREVIDÊNCIA SOCIAL"},{"Órgão":"MINISTÉRIO DA SAÚDE"},{"Órgão":"MINISTÉRIO DAS CIDADES"},{"Órgão":"MINISTÉRIO DAS COMUNICAÇÕES"},{"Órgão":"MINISTÉRIO DAS RELAÇÕES EXTERIORES"},{"Órgão":"MINISTÉRIO DE MINAS E ENERGIA"},{"Órgão":"MINISTÉRIO DO DESENVOLVIMENTO AGRÁRIO"},{"Órgão":"MINISTÉRIO DO DESENVOLVIMENTO SOCIAL E COMBATE À FOME"},{"Órgão":"MINISTÉRIO DO DESENVOLVIMENTO, INDÚSTRIA E COMÉRCIO EXTERIOR"},{"Órgão":"MINISTÉRIO DO ESPORTE"},{"Órgão":"MINISTÉRIO DO MEIO AMBIENTE"},{"Órgão":"MINISTÉRIO DO PLANEJAMENTO, ORÇAMENTO E GESTÃO"},{"Órgão":"MINISTÉRIO DO TRABALHO E EMPREGO"},{"Órgão":"MINISTÉRIO DO TURISMO"},{"Órgão":"MINISTÉRIO DOS TRANSPORTES"},{"Órgão":"MINISTÉRIO PÚBLICO DA UNIÃO"},{"Órgão":"PRESIDÊNCIA DA REPÚBLICA"},{"Órgão":"RESERVA DE CONTINGÊNCIA"},{"Órgão":"SECRETARIA DE ASSUNTOS ESTRATÉGICOS"},{"Órgão":"SECRETARIA DE AVIACAO CIVIL"},{"Órgão":"SECRETARIA ESPECIAL DE POLÍTICAS DE PROMOÇÃO DA IGUALDADE RACIAL"},{"Órgão":"SECRETARIA ESPECIAL DE POLÍTICAS PARA AS MULHERES"},{"Órgão":"SECRETARIA ESPECIAL DE PORTOS"},{"Órgão":"SECRETARIA ESPECIAL DOS DIREITOS HUMANOS"},{"Órgão":"SENADO FEDERAL"},{"Órgão":"SUPERIOR TRIBUNAL DE JUSTIÇA"},{"Órgão":"TRANSFERÊNCIAS A ESTADOS, DISTRITO FEDERAL E MUNICÍPIOS"},{"Órgão":"TRIBUNAL DE CONTAS DA UNIÃO"}]}